镜号	类别	资源	镜末状态	逻辑引用	实际采用	SHA256
EP001_SH01	人物	陆照	dry	制作/前三集_v8_v2_文本定稿/资产/复用/陆照_01.jpg	制作/前三集_v8_v2_文本定稿/资产/复用/陆照_01.jpg	fae19e1d4274a88a19762e40b7f2d517a20f23a33776d97bf82a4fd3d40d74cd
EP001_SH01	人物	麻铎	dry	制作/前三集_v8_v2_文本定稿/资产/复用/麻铎_01.jpg	制作/前三集_v8_v2_文本定稿/资产/复用/麻铎_01.jpg	dc99a87afada14bce67464ec31134885fe1bd8ac6730b6e14b7a0b3cd8d05c84
EP001_SH01	场景	梯口		制作/前三集_v8_v2_文本定稿/资产/复用/梯口_01.jpg	制作/前三集_v8_v2_文本定稿/资产/复用/梯口_01.jpg	f2dc38b16dbab92e486a279b0c5b272311b02c71672550fc259746a39813b5dd
EP001_SH01	道具	死期牌		制作/前三集_v8_v2_文本定稿/资产/复用/死期牌_01.jpg	制作/前三集_v8_v2_文本定稿/资产/复用/死期牌_01.jpg	0b3e39fcec8097ba75f6620bbbb89ab52e8da118357406646c180a13d2451c64
EP001_SH02	人物	陆照	wet_lower_tunic	制作/前三集_v8_v2_文本定稿/资产/陆照_下摆湿/ref_v01.jpg	制作/前三集_v8_v2_文本定稿/资产/陆照_下摆湿/ref_v01.jpg	874ca1a81e9b3a178d24a5370e2ad2863b42ed2e0ffbc2659a4d184906261fea
EP001_SH02	场景	闸舱		制作/前三集_v8_v2_文本定稿/资产/复用/闸舱_01.jpg	制作/前三集_v8_v2_文本定稿/资产/复用/闸舱_01.jpg	5681cb405ab726c6987b291dda05338b0df95ba4d0f1868af3572ea9d56eba50
EP001_SH02	道具	黑钢锥		制作/前三集_v8_v2_文本定稿/资产/复用/黑钢锥_01.jpg	制作/前三集_v8_v2_文本定稿/资产/复用/黑钢锥_01.jpg	2dc24505a1c31030003cf9e7639cce3c3025165ebb68cc8ea9b2a323cb09c64c
EP001_SH03	人物	闻溪	wet	制作/前三集_v8_v2_文本定稿/资产/复用/闻溪_04.jpg	制作/前三集_v8_v2_文本定稿/资产/复用/闻溪_04.jpg	64c1ea1e4dafba9cb6c138118bf2c5a86511039606b129d9a81c5f2d938ffecd
EP001_SH03	人物	灰胡子工人	wet	制作/前三集_v8_v2_文本定稿/资产/复用/灰胡子工人_04.jpg	制作/前三集_v8_v2_文本定稿/资产/复用/灰胡子工人_04.jpg	ef8f1acda1cab8b1109650e88c024a6db2b4611677a0ccc4aeb4046bc6aead41
EP001_SH03	人物	阿砾	wet	制作/前三集_v8_v2_文本定稿/资产/复用/阿砾_04.jpg	制作/前三集_v8_v2_文本定稿/资产/复用/阿砾_04.jpg	47ef2919d77733639159be89d5dbb31e522ae4c0dfab75db37ff876746336213
EP001_SH03	场景	北门		制作/前三集_v8_v2_文本定稿/资产/北门内室/ref_v01.jpg	制作/前三集_v8_v2_文本定稿/资产/北门内室/ref_v01.jpg	c81ef2f2843cc411b520c460a3e659ec6ed68ab954900088289a24e2cb8ca25f
EP001_SH03	道具	油灯		制作/前三集_v8_v2_文本定稿/资产/复用/油灯_01.jpg	制作/前三集_v8_v2_文本定稿/资产/复用/油灯_01.jpg	a77f20faebbbb44790e9c25f18f18e125e242b33225e4329943e9c3dbb6042a7
EP001_SH04	人物	陆照	wet_lower_tunic	制作/前三集_v8_v2_文本定稿/资产/陆照_下摆湿/ref_v01.jpg	制作/前三集_v8_v2_文本定稿/资产/陆照_下摆湿/ref_v01.jpg	874ca1a81e9b3a178d24a5370e2ad2863b42ed2e0ffbc2659a4d184906261fea
EP001_SH04	场景	北门		制作/前三集_v8_v2_文本定稿/资产/复用/北门_01.jpg	制作/前三集_v8_v2_文本定稿/资产/复用/北门_01.jpg	3ae9d1c32f0b0c4987e4ce3768b3d305408e9d010e3b7c22310f4c7cebadacae
EP001_SH04	道具	木榫		制作/前三集_v8_v2_文本定稿/资产/小物工具/ref_v01.jpg	制作/前三集_v8_v2_文本定稿/资产/小物工具/ref_v01.jpg	e1a8b7f102628c398483289e0d3138210b1902aaad7f65b6e3fceb530ec5af9e
EP001_SH04	道具	黑钢锥		制作/前三集_v8_v2_文本定稿/资产/复用/黑钢锥_01.jpg	制作/前三集_v8_v2_文本定稿/资产/复用/黑钢锥_01.jpg	2dc24505a1c31030003cf9e7639cce3c3025165ebb68cc8ea9b2a323cb09c64c
EP001_SH04	道具	铜销		制作/前三集_v8_v2_文本定稿/资产/铜销_完好/ref_v01.jpg	制作/前三集_v8_v2_文本定稿/资产/铜销_完好/ref_v02.jpg	53f2c1bbb4039ea40ecbc01ad39951e90758b75a8ad2175d7e04baca16b0b07b
EP001_SH04	道具	木舌		制作/前三集_v8_v2_文本定稿/资产/铜销_浅凹/ref_v01.jpg	制作/前三集_v8_v2_文本定稿/资产/铜销_浅凹/ref_v01.jpg	c7276c3b570c5294731ec280868bb504b2cb4203946b05648d9b1001d1f75e70
EP001_SH05	人物	麻铎	wet_boots	制作/前三集_v8_v2_文本定稿/资产/复用/麻铎_04.jpg	制作/前三集_v8_v2_文本定稿/资产/复用/麻铎_04.jpg	eb825b0e45140a85b9e62980573046876bc0d26227385d0576fd4ce9cfefac99
EP001_SH05	人物	陆照	wet_lower_tunic	制作/前三集_v8_v2_文本定稿/资产/陆照_下摆湿/ref_v01.jpg	制作/前三集_v8_v2_文本定稿/资产/陆照_下摆湿/ref_v01.jpg	874ca1a81e9b3a178d24a5370e2ad2863b42ed2e0ffbc2659a4d184906261fea
EP001_SH05	场景	闸舱		制作/前三集_v8_v2_文本定稿/资产/复用/闸舱_01.jpg	制作/前三集_v8_v2_文本定稿/资产/复用/闸舱_01.jpg	5681cb405ab726c6987b291dda05338b0df95ba4d0f1868af3572ea9d56eba50
EP001_SH05	道具	船叉		制作/前三集_v8_v2_文本定稿/资产/复用/船叉_01.jpg	制作/前三集_v8_v2_文本定稿/资产/复用/船叉_01.jpg	facc4ac935bb256be92235432d07a18e10f619513c6a399a55f6e4dfb7f8c84c
EP001_SH05	道具	铜轮柄		制作/前三集_v8_v2_文本定稿/资产/复用/铜轮柄_01.jpg	制作/前三集_v8_v2_文本定稿/资产/复用/铜轮柄_01.jpg	0318faba8d8f8a07887875733cadfcc8070341bb8ce81be2ae94077151ad1b99
EP001_SH05	道具	黑钢锥		制作/前三集_v8_v2_文本定稿/资产/复用/黑钢锥_01.jpg	制作/前三集_v8_v2_文本定稿/资产/复用/黑钢锥_01.jpg	2dc24505a1c31030003cf9e7639cce3c3025165ebb68cc8ea9b2a323cb09c64c
EP001_SH05	道具	绳轮机关		制作/前三集_v8_v2_文本定稿/资产/棘爪绳轮机关/ref_v01.jpg		
EP001_SH06	人物	麻铎	wet_boots	制作/前三集_v8_v2_文本定稿/资产/复用/麻铎_04.jpg	制作/前三集_v8_v2_文本定稿/资产/复用/麻铎_04.jpg	eb825b0e45140a85b9e62980573046876bc0d26227385d0576fd4ce9cfefac99
EP001_SH06	人物	陆照	wet_lower_tunic	制作/前三集_v8_v2_文本定稿/资产/陆照_下摆湿/ref_v01.jpg	制作/前三集_v8_v2_文本定稿/资产/陆照_下摆湿/ref_v01.jpg	874ca1a81e9b3a178d24a5370e2ad2863b42ed2e0ffbc2659a4d184906261fea
EP001_SH06	场景	闸舱		制作/前三集_v8_v2_文本定稿/资产/复用/闸舱_01.jpg	制作/前三集_v8_v2_文本定稿/资产/复用/闸舱_01.jpg	5681cb405ab726c6987b291dda05338b0df95ba4d0f1868af3572ea9d56eba50
EP001_SH06	道具	船叉		制作/前三集_v8_v2_文本定稿/资产/复用/船叉_01.jpg	制作/前三集_v8_v2_文本定稿/资产/复用/船叉_01.jpg	facc4ac935bb256be92235432d07a18e10f619513c6a399a55f6e4dfb7f8c84c
EP001_SH06	道具	黑钢锥		制作/前三集_v8_v2_文本定稿/资产/复用/黑钢锥_01.jpg	制作/前三集_v8_v2_文本定稿/资产/复用/黑钢锥_01.jpg	2dc24505a1c31030003cf9e7639cce3c3025165ebb68cc8ea9b2a323cb09c64c
EP001_SH06	道具	绳轮机关		制作/前三集_v8_v2_文本定稿/资产/棘爪绳轮机关/ref_v01.jpg		
EP001_SH07	人物	麻铎	wet_boots	制作/前三集_v8_v2_文本定稿/资产/复用/麻铎_04.jpg	制作/前三集_v8_v2_文本定稿/资产/复用/麻铎_04.jpg	eb825b0e45140a85b9e62980573046876bc0d26227385d0576fd4ce9cfefac99
EP001_SH07	人物	陆照	wet_lower_tunic	制作/前三集_v8_v2_文本定稿/资产/陆照_下摆湿/ref_v01.jpg	制作/前三集_v8_v2_文本定稿/资产/陆照_下摆湿/ref_v01.jpg	874ca1a81e9b3a178d24a5370e2ad2863b42ed2e0ffbc2659a4d184906261fea
EP001_SH07	场景	绳轮旁		制作/前三集_v8_v2_文本定稿/资产/棘爪绳轮机关/ref_v01.jpg		
EP001_SH07	道具	绳轮机关		制作/前三集_v8_v2_文本定稿/资产/棘爪绳轮机关/ref_v01.jpg		
EP001_SH07	道具	木楔		制作/前三集_v8_v2_文本定稿/资产/棘爪绳轮机关/ref_v01.jpg		
EP001_SH07	道具	坠石		制作/前三集_v8_v2_文本定稿/资产/棘爪绳轮机关/ref_v01.jpg		
EP001_SH07	道具	钱袋铜钱		制作/前三集_v8_v2_文本定稿/资产/小钱袋成串铜钱/ref_v01.jpg	制作/前三集_v8_v2_文本定稿/资产/小钱袋成串铜钱/ref_v01.jpg	70db97c3508baa83b3c088d6694d92c20e59d640e14cd8c5f36330bd97c01a49
EP001_SH07	道具	船叉		制作/前三集_v8_v2_文本定稿/资产/复用/船叉_01.jpg	制作/前三集_v8_v2_文本定稿/资产/复用/船叉_01.jpg	facc4ac935bb256be92235432d07a18e10f619513c6a399a55f6e4dfb7f8c84c
EP001_SH07	道具	黑钢锥		制作/前三集_v8_v2_文本定稿/资产/复用/黑钢锥_01.jpg	制作/前三集_v8_v2_文本定稿/资产/复用/黑钢锥_01.jpg	2dc24505a1c31030003cf9e7639cce3c3025165ebb68cc8ea9b2a323cb09c64c
EP001_SH07	道具	止回棘爪		制作/前三集_v8_v2_文本定稿/资产/棘爪绳轮机关/ref_v01.jpg		
EP001_SH08	人物	陆照	wet_lower_tunic	制作/前三集_v8_v2_文本定稿/资产/陆照_下摆湿/ref_v01.jpg	制作/前三集_v8_v2_文本定稿/资产/陆照_下摆湿/ref_v01.jpg	874ca1a81e9b3a178d24a5370e2ad2863b42ed2e0ffbc2659a4d184906261fea
EP001_SH08	人物	麻铎	wet_boots	制作/前三集_v8_v2_文本定稿/资产/复用/麻铎_04.jpg	制作/前三集_v8_v2_文本定稿/资产/复用/麻铎_04.jpg	eb825b0e45140a85b9e62980573046876bc0d26227385d0576fd4ce9cfefac99
EP001_SH08	场景	绳轮旁		制作/前三集_v8_v2_文本定稿/资产/棘爪绳轮机关/ref_v01.jpg		
EP001_SH08	道具	钱袋铜钱		制作/前三集_v8_v2_文本定稿/资产/小钱袋成串铜钱/ref_v01.jpg	制作/前三集_v8_v2_文本定稿/资产/小钱袋成串铜钱/ref_v01.jpg	70db97c3508baa83b3c088d6694d92c20e59d640e14cd8c5f36330bd97c01a49
EP001_SH08	道具	黑钢锥		制作/前三集_v8_v2_文本定稿/资产/复用/黑钢锥_01.jpg	制作/前三集_v8_v2_文本定稿/资产/复用/黑钢锥_01.jpg	2dc24505a1c31030003cf9e7639cce3c3025165ebb68cc8ea9b2a323cb09c64c
EP001_SH08	道具	绳轮机关		制作/前三集_v8_v2_文本定稿/资产/棘爪绳轮机关/ref_v01.jpg		
EP001_SH08	道具	船叉		制作/前三集_v8_v2_文本定稿/资产/复用/船叉_01.jpg	制作/前三集_v8_v2_文本定稿/资产/复用/船叉_01.jpg	facc4ac935bb256be92235432d07a18e10f619513c6a399a55f6e4dfb7f8c84c
EP001_SH09	人物	麻铎	wet_boots	制作/前三集_v8_v2_文本定稿/资产/复用/麻铎_04.jpg	制作/前三集_v8_v2_文本定稿/资产/复用/麻铎_04.jpg	eb825b0e45140a85b9e62980573046876bc0d26227385d0576fd4ce9cfefac99
EP001_SH09	人物	陆照	wet_lower_tunic	制作/前三集_v8_v2_文本定稿/资产/陆照_下摆湿/ref_v01.jpg	制作/前三集_v8_v2_文本定稿/资产/陆照_下摆湿/ref_v01.jpg	874ca1a81e9b3a178d24a5370e2ad2863b42ed2e0ffbc2659a4d184906261fea
EP001_SH09	场景	绳轮旁		制作/前三集_v8_v2_文本定稿/资产/棘爪绳轮机关/ref_v01.jpg		
EP001_SH09	道具	船叉		制作/前三集_v8_v2_文本定稿/资产/复用/船叉_01.jpg	制作/前三集_v8_v2_文本定稿/资产/复用/船叉_01.jpg	facc4ac935bb256be92235432d07a18e10f619513c6a399a55f6e4dfb7f8c84c
EP001_SH09	道具	钱袋铜钱		制作/前三集_v8_v2_文本定稿/资产/小钱袋成串铜钱/ref_v01.jpg	制作/前三集_v8_v2_文本定稿/资产/小钱袋成串铜钱/ref_v01.jpg	70db97c3508baa83b3c088d6694d92c20e59d640e14cd8c5f36330bd97c01a49
EP001_SH09	道具	绳轮机关		制作/前三集_v8_v2_文本定稿/资产/棘爪绳轮机关/ref_v01.jpg		
EP001_SH09	道具	黑钢锥		制作/前三集_v8_v2_文本定稿/资产/复用/黑钢锥_01.jpg	制作/前三集_v8_v2_文本定稿/资产/复用/黑钢锥_01.jpg	2dc24505a1c31030003cf9e7639cce3c3025165ebb68cc8ea9b2a323cb09c64c
EP001_SH10	人物	陆照	wet_lower_tunic	制作/前三集_v8_v2_文本定稿/资产/陆照_下摆湿/ref_v01.jpg	制作/前三集_v8_v2_文本定稿/资产/陆照_下摆湿/ref_v01.jpg	874ca1a81e9b3a178d24a5370e2ad2863b42ed2e0ffbc2659a4d184906261fea
EP001_SH10	人物	麻铎	wet_boots	制作/前三集_v8_v2_文本定稿/资产/复用/麻铎_04.jpg	制作/前三集_v8_v2_文本定稿/资产/复用/麻铎_04.jpg	eb825b0e45140a85b9e62980573046876bc0d26227385d0576fd4ce9cfefac99
EP001_SH10	场景	绳轮旁		制作/前三集_v8_v2_文本定稿/资产/棘爪绳轮机关/ref_v01.jpg		
EP001_SH10	道具	船叉		制作/前三集_v8_v2_文本定稿/资产/复用/船叉_01.jpg	制作/前三集_v8_v2_文本定稿/资产/复用/船叉_01.jpg	facc4ac935bb256be92235432d07a18e10f619513c6a399a55f6e4dfb7f8c84c
EP001_SH10	道具	固定木梁		制作/前三集_v8_v2_文本定稿/资产/棘爪绳轮机关/ref_v01.jpg		
EP001_SH10	道具	黑钢锥		制作/前三集_v8_v2_文本定稿/资产/复用/黑钢锥_01.jpg	制作/前三集_v8_v2_文本定稿/资产/复用/黑钢锥_01.jpg	2dc24505a1c31030003cf9e7639cce3c3025165ebb68cc8ea9b2a323cb09c64c
EP001_SH10	道具	绳轮机关		制作/前三集_v8_v2_文本定稿/资产/棘爪绳轮机关/ref_v01.jpg		
EP001_SH11	人物	陆照	wet_lower_tunic	制作/前三集_v8_v2_文本定稿/资产/陆照_下摆湿/ref_v01.jpg	制作/前三集_v8_v2_文本定稿/资产/陆照_下摆湿/ref_v01.jpg	874ca1a81e9b3a178d24a5370e2ad2863b42ed2e0ffbc2659a4d184906261fea
EP001_SH11	场景	绳轮旁		制作/前三集_v8_v2_文本定稿/资产/棘爪绳轮机关/ref_v01.jpg		
EP001_SH11	道具	木楔		制作/前三集_v8_v2_文本定稿/资产/棘爪绳轮机关/ref_v01.jpg		
EP001_SH11	道具	绳轮机关		制作/前三集_v8_v2_文本定稿/资产/棘爪绳轮机关/ref_v01.jpg		
EP001_SH11	道具	黑钢锥		制作/前三集_v8_v2_文本定稿/资产/复用/黑钢锥_01.jpg	制作/前三集_v8_v2_文本定稿/资产/复用/黑钢锥_01.jpg	2dc24505a1c31030003cf9e7639cce3c3025165ebb68cc8ea9b2a323cb09c64c
EP001_SH12	人物	麻铎	wet_from_fall	制作/前三集_v8_v2_文本定稿/资产/麻铎_湿衣未绑/ref_v01.jpg	制作/前三集_v8_v2_文本定稿/资产/麻铎_湿衣未绑/ref_v01.jpg	79a431cdef091f96148efae5940cc7b142609efd9d62b0446e47c1acc55cde50
EP001_SH12	场景	绳轮旁		制作/前三集_v8_v2_文本定稿/资产/棘爪绳轮机关/ref_v01.jpg		
EP001_SH12	道具	绳轮机关		制作/前三集_v8_v2_文本定稿/资产/棘爪绳轮机关/ref_v01.jpg		
EP001_SH12	道具	坠石		制作/前三集_v8_v2_文本定稿/资产/棘爪绳轮机关/ref_v01.jpg		
EP001_SH12	道具	船叉		制作/前三集_v8_v2_文本定稿/资产/复用/船叉_01.jpg	制作/前三集_v8_v2_文本定稿/资产/复用/船叉_01.jpg	facc4ac935bb256be92235432d07a18e10f619513c6a399a55f6e4dfb7f8c84c
EP001_SH12	道具	固定木梁		制作/前三集_v8_v2_文本定稿/资产/棘爪绳轮机关/ref_v01.jpg		
EP001_SH12	道具	止回棘爪		制作/前三集_v8_v2_文本定稿/资产/棘爪绳轮机关/ref_v01.jpg		
EP001_SH13	人物	陆照	wet_lower_tunic	制作/前三集_v8_v2_文本定稿/资产/陆照_下摆湿/ref_v01.jpg	制作/前三集_v8_v2_文本定稿/资产/陆照_下摆湿/ref_v01.jpg	874ca1a81e9b3a178d24a5370e2ad2863b42ed2e0ffbc2659a4d184906261fea
EP001_SH13	人物	麻铎	wet_from_fall	制作/前三集_v8_v2_文本定稿/资产/麻铎_湿衣未绑/ref_v01.jpg	制作/前三集_v8_v2_文本定稿/资产/麻铎_湿衣未绑/ref_v01.jpg	79a431cdef091f96148efae5940cc7b142609efd9d62b0446e47c1acc55cde50
EP001_SH13	场景	绳轮旁		制作/前三集_v8_v2_文本定稿/资产/棘爪绳轮机关/ref_v01.jpg		
EP001_SH13	道具	搬件短绳		制作/前三集_v8_v2_文本定稿/资产/棘爪绳轮机关/ref_v01.jpg		
EP001_SH13	道具	立柱		制作/前三集_v8_v2_文本定稿/资产/棘爪绳轮机关/ref_v01.jpg		
EP001_SH13	道具	船叉		制作/前三集_v8_v2_文本定稿/资产/复用/船叉_01.jpg	制作/前三集_v8_v2_文本定稿/资产/复用/船叉_01.jpg	facc4ac935bb256be92235432d07a18e10f619513c6a399a55f6e4dfb7f8c84c
EP001_SH13	道具	黑钢锥		制作/前三集_v8_v2_文本定稿/资产/复用/黑钢锥_01.jpg	制作/前三集_v8_v2_文本定稿/资产/复用/黑钢锥_01.jpg	2dc24505a1c31030003cf9e7639cce3c3025165ebb68cc8ea9b2a323cb09c64c
EP001_SH14	人物	陆照	wet_lower_tunic	制作/前三集_v8_v2_文本定稿/资产/陆照_下摆湿/ref_v01.jpg	制作/前三集_v8_v2_文本定稿/资产/陆照_下摆湿/ref_v01.jpg	874ca1a81e9b3a178d24a5370e2ad2863b42ed2e0ffbc2659a4d184906261fea
EP001_SH14	人物	麻铎	wet_from_fall	制作/前三集_v8_v2_文本定稿/资产/复用/麻铎_04.jpg	制作/前三集_v8_v2_文本定稿/资产/复用/麻铎_04.jpg	eb825b0e45140a85b9e62980573046876bc0d26227385d0576fd4ce9cfefac99
EP001_SH14	场景	绳轮旁		制作/前三集_v8_v2_文本定稿/资产/棘爪绳轮机关/ref_v01.jpg		
EP001_SH14	道具	搬件短绳		制作/前三集_v8_v2_文本定稿/资产/棘爪绳轮机关/ref_v01.jpg		
EP001_SH14	道具	立柱		制作/前三集_v8_v2_文本定稿/资产/棘爪绳轮机关/ref_v01.jpg		
EP001_SH14	道具	船叉		制作/前三集_v8_v2_文本定稿/资产/复用/船叉_01.jpg	制作/前三集_v8_v2_文本定稿/资产/复用/船叉_01.jpg	facc4ac935bb256be92235432d07a18e10f619513c6a399a55f6e4dfb7f8c84c
EP001_SH14	道具	黑钢锥		制作/前三集_v8_v2_文本定稿/资产/复用/黑钢锥_01.jpg	制作/前三集_v8_v2_文本定稿/资产/复用/黑钢锥_01.jpg	2dc24505a1c31030003cf9e7639cce3c3025165ebb68cc8ea9b2a323cb09c64c
EP001_SH15	人物	陆照	wet_lower_tunic	制作/前三集_v8_v2_文本定稿/资产/陆照_下摆湿/ref_v01.jpg	制作/前三集_v8_v2_文本定稿/资产/陆照_下摆湿/ref_v01.jpg	874ca1a81e9b3a178d24a5370e2ad2863b42ed2e0ffbc2659a4d184906261fea
EP001_SH15	人物	麻铎	wet_from_fall	制作/前三集_v8_v2_文本定稿/资产/复用/麻铎_04.jpg	制作/前三集_v8_v2_文本定稿/资产/复用/麻铎_04.jpg	eb825b0e45140a85b9e62980573046876bc0d26227385d0576fd4ce9cfefac99
EP001_SH15	场景	修台		制作/前三集_v8_v2_文本定稿/资产/复用/闸舱_01.jpg	制作/前三集_v8_v2_文本定稿/资产/复用/闸舱_01.jpg	5681cb405ab726c6987b291dda05338b0df95ba4d0f1868af3572ea9d56eba50
EP001_SH15	道具	余烬		制作/前三集_v8_v2_文本定稿/资产/复用/余烬_01.jpg	制作/前三集_v8_v2_文本定稿/资产/复用/余烬_01.jpg	2aac0b202d1a1018a30fd436f62b1388130a2bd25a0994bf430f7c5b86a62ba3
EP001_SH15	道具	钱袋铜钱		制作/前三集_v8_v2_文本定稿/资产/小钱袋成串铜钱/ref_v01.jpg	制作/前三集_v8_v2_文本定稿/资产/小钱袋成串铜钱/ref_v01.jpg	70db97c3508baa83b3c088d6694d92c20e59d640e14cd8c5f36330bd97c01a49
EP001_SH15	道具	黑钢锥		制作/前三集_v8_v2_文本定稿/资产/复用/黑钢锥_01.jpg	制作/前三集_v8_v2_文本定稿/资产/复用/黑钢锥_01.jpg	2dc24505a1c31030003cf9e7639cce3c3025165ebb68cc8ea9b2a323cb09c64c
EP001_SH16	人物	陆照	wet_lower_tunic	制作/前三集_v8_v2_文本定稿/资产/陆照_下摆湿/ref_v01.jpg	制作/前三集_v8_v2_文本定稿/资产/陆照_下摆湿/ref_v01.jpg	874ca1a81e9b3a178d24a5370e2ad2863b42ed2e0ffbc2659a4d184906261fea
EP001_SH16	场景	北门		制作/前三集_v8_v2_文本定稿/资产/复用/北门_01.jpg	制作/前三集_v8_v2_文本定稿/资产/复用/北门_01.jpg	3ae9d1c32f0b0c4987e4ce3768b3d305408e9d010e3b7c22310f4c7cebadacae
EP001_SH16	道具	木榫		制作/前三集_v8_v2_文本定稿/资产/小物工具/ref_v01.jpg	制作/前三集_v8_v2_文本定稿/资产/小物工具/ref_v01.jpg	e1a8b7f102628c398483289e0d3138210b1902aaad7f65b6e3fceb530ec5af9e
EP001_SH16	道具	黑钢锥		制作/前三集_v8_v2_文本定稿/资产/复用/黑钢锥_01.jpg	制作/前三集_v8_v2_文本定稿/资产/复用/黑钢锥_01.jpg	2dc24505a1c31030003cf9e7639cce3c3025165ebb68cc8ea9b2a323cb09c64c
EP001_SH16	道具	铜销		制作/前三集_v8_v2_文本定稿/资产/铜销_浅凹/ref_v01.jpg	制作/前三集_v8_v2_文本定稿/资产/铜销_浅凹/ref_v01.jpg	c7276c3b570c5294731ec280868bb504b2cb4203946b05648d9b1001d1f75e70
EP001_SH16	道具	钱袋铜钱		制作/前三集_v8_v2_文本定稿/资产/小钱袋成串铜钱/ref_v01.jpg	制作/前三集_v8_v2_文本定稿/资产/小钱袋成串铜钱/ref_v01.jpg	70db97c3508baa83b3c088d6694d92c20e59d640e14cd8c5f36330bd97c01a49
EP001_SH17	人物	闻溪	wet	制作/前三集_v8_v2_文本定稿/资产/复用/闻溪_04.jpg	制作/前三集_v8_v2_文本定稿/资产/复用/闻溪_04.jpg	64c1ea1e4dafba9cb6c138118bf2c5a86511039606b129d9a81c5f2d938ffecd
EP001_SH17	场景	北门		制作/前三集_v8_v2_文本定稿/资产/北门内室/ref_v01.jpg	制作/前三集_v8_v2_文本定稿/资产/北门内室/ref_v01.jpg	c81ef2f2843cc411b520c460a3e659ec6ed68ab954900088289a24e2cb8ca25f
EP001_SH17	道具	油灯		制作/前三集_v8_v2_文本定稿/资产/复用/油灯_01.jpg	制作/前三集_v8_v2_文本定稿/资产/复用/油灯_01.jpg	a77f20faebbbb44790e9c25f18f18e125e242b33225e4329943e9c3dbb6042a7
EP001_SH18	人物	陆照	wet_lower_tunic	制作/前三集_v8_v2_文本定稿/资产/陆照_下摆湿/ref_v01.jpg	制作/前三集_v8_v2_文本定稿/资产/陆照_下摆湿/ref_v01.jpg	874ca1a81e9b3a178d24a5370e2ad2863b42ed2e0ffbc2659a4d184906261fea
EP001_SH18	场景	北门		制作/前三集_v8_v2_文本定稿/资产/复用/北门_01.jpg	制作/前三集_v8_v2_文本定稿/资产/复用/北门_01.jpg	3ae9d1c32f0b0c4987e4ce3768b3d305408e9d010e3b7c22310f4c7cebadacae
EP001_SH18	道具	黑钢锥		制作/前三集_v8_v2_文本定稿/资产/复用/黑钢锥_01.jpg	制作/前三集_v8_v2_文本定稿/资产/复用/黑钢锥_01.jpg	2dc24505a1c31030003cf9e7639cce3c3025165ebb68cc8ea9b2a323cb09c64c
EP001_SH18	道具	铜销		制作/前三集_v8_v2_文本定稿/资产/铜销_浅凹/ref_v01.jpg	制作/前三集_v8_v2_文本定稿/资产/铜销_浅凹/ref_v01.jpg	c7276c3b570c5294731ec280868bb504b2cb4203946b05648d9b1001d1f75e70
EP001_SH18	道具	木舌		制作/前三集_v8_v2_文本定稿/资产/铜销_浅凹/ref_v01.jpg	制作/前三集_v8_v2_文本定稿/资产/铜销_浅凹/ref_v01.jpg	c7276c3b570c5294731ec280868bb504b2cb4203946b05648d9b1001d1f75e70
EP001_SH19	人物	陆照	wet_lower_tunic	制作/前三集_v8_v2_文本定稿/资产/陆照_下摆湿/ref_v01.jpg	制作/前三集_v8_v2_文本定稿/资产/陆照_下摆湿/ref_v01.jpg	874ca1a81e9b3a178d24a5370e2ad2863b42ed2e0ffbc2659a4d184906261fea
EP001_SH19	人物	闻溪	wet	制作/前三集_v8_v2_文本定稿/资产/复用/闻溪_04.jpg	制作/前三集_v8_v2_文本定稿/资产/复用/闻溪_04.jpg	64c1ea1e4dafba9cb6c138118bf2c5a86511039606b129d9a81c5f2d938ffecd
EP001_SH19	人物	麻铎	wet_from_fall	制作/前三集_v8_v2_文本定稿/资产/复用/麻铎_04.jpg	制作/前三集_v8_v2_文本定稿/资产/复用/麻铎_04.jpg	eb825b0e45140a85b9e62980573046876bc0d26227385d0576fd4ce9cfefac99
EP001_SH19	场景	北门		制作/前三集_v8_v2_文本定稿/资产/北门开启修台/ref_v01.jpg	制作/前三集_v8_v2_文本定稿/资产/北门开启修台/ref_v01.jpg	4f23d683569e39be9fffea0c84f0a4ccc7515fd142888251ae1064aafeca54ed
EP001_SH19	道具	北门		制作/前三集_v8_v2_文本定稿/资产/复用/北门_01.jpg	制作/前三集_v8_v2_文本定稿/资产/复用/北门_01.jpg	3ae9d1c32f0b0c4987e4ce3768b3d305408e9d010e3b7c22310f4c7cebadacae
EP001_SH19	道具	黑钢锥		制作/前三集_v8_v2_文本定稿/资产/复用/黑钢锥_01.jpg	制作/前三集_v8_v2_文本定稿/资产/复用/黑钢锥_01.jpg	2dc24505a1c31030003cf9e7639cce3c3025165ebb68cc8ea9b2a323cb09c64c
EP001_SH19	道具	油灯		制作/前三集_v8_v2_文本定稿/资产/复用/油灯_01.jpg	制作/前三集_v8_v2_文本定稿/资产/复用/油灯_01.jpg	a77f20faebbbb44790e9c25f18f18e125e242b33225e4329943e9c3dbb6042a7
EP001_SH19	道具	立柱		制作/前三集_v8_v2_文本定稿/资产/棘爪绳轮机关/ref_v01.jpg		
EP001_SH20	人物	陆照	wet_lower_tunic	制作/前三集_v8_v2_文本定稿/资产/陆照_下摆湿/ref_v01.jpg	制作/前三集_v8_v2_文本定稿/资产/陆照_下摆湿/ref_v01.jpg	874ca1a81e9b3a178d24a5370e2ad2863b42ed2e0ffbc2659a4d184906261fea
EP001_SH20	人物	闻溪	wet	制作/前三集_v8_v2_文本定稿/资产/复用/闻溪_04.jpg	制作/前三集_v8_v2_文本定稿/资产/复用/闻溪_04.jpg	64c1ea1e4dafba9cb6c138118bf2c5a86511039606b129d9a81c5f2d938ffecd
EP001_SH20	人物	灰胡子工人	wet	制作/前三集_v8_v2_文本定稿/资产/复用/灰胡子工人_04.jpg	制作/前三集_v8_v2_文本定稿/资产/复用/灰胡子工人_04.jpg	ef8f1acda1cab8b1109650e88c024a6db2b4611677a0ccc4aeb4046bc6aead41
EP001_SH20	场景	北门		制作/前三集_v8_v2_文本定稿/资产/北门开启修台/ref_v01.jpg	制作/前三集_v8_v2_文本定稿/资产/北门开启修台/ref_v01.jpg	4f23d683569e39be9fffea0c84f0a4ccc7515fd142888251ae1064aafeca54ed
EP001_SH20	道具	北门		制作/前三集_v8_v2_文本定稿/资产/复用/北门_01.jpg	制作/前三集_v8_v2_文本定稿/资产/复用/北门_01.jpg	3ae9d1c32f0b0c4987e4ce3768b3d305408e9d010e3b7c22310f4c7cebadacae
EP001_SH20	道具	黑钢锥		制作/前三集_v8_v2_文本定稿/资产/复用/黑钢锥_01.jpg	制作/前三集_v8_v2_文本定稿/资产/复用/黑钢锥_01.jpg	2dc24505a1c31030003cf9e7639cce3c3025165ebb68cc8ea9b2a323cb09c64c
EP001_SH21	人物	陆照	wet_lower_tunic	制作/前三集_v8_v2_文本定稿/资产/陆照_下摆湿/ref_v01.jpg	制作/前三集_v8_v2_文本定稿/资产/陆照_下摆湿/ref_v01.jpg	874ca1a81e9b3a178d24a5370e2ad2863b42ed2e0ffbc2659a4d184906261fea
EP001_SH21	人物	闻溪	wet	制作/前三集_v8_v2_文本定稿/资产/复用/闻溪_04.jpg	制作/前三集_v8_v2_文本定稿/资产/复用/闻溪_04.jpg	64c1ea1e4dafba9cb6c138118bf2c5a86511039606b129d9a81c5f2d938ffecd
EP001_SH21	人物	阿砾	wet	制作/前三集_v8_v2_文本定稿/资产/复用/阿砾_04.jpg	制作/前三集_v8_v2_文本定稿/资产/复用/阿砾_04.jpg	47ef2919d77733639159be89d5dbb31e522ae4c0dfab75db37ff876746336213
EP001_SH21	场景	北门		制作/前三集_v8_v2_文本定稿/资产/北门开启修台/ref_v01.jpg	制作/前三集_v8_v2_文本定稿/资产/北门开启修台/ref_v01.jpg	4f23d683569e39be9fffea0c84f0a4ccc7515fd142888251ae1064aafeca54ed
EP001_SH21	道具	北门		制作/前三集_v8_v2_文本定稿/资产/复用/北门_01.jpg	制作/前三集_v8_v2_文本定稿/资产/复用/北门_01.jpg	3ae9d1c32f0b0c4987e4ce3768b3d305408e9d010e3b7c22310f4c7cebadacae
EP001_SH21	道具	黑钢锥		制作/前三集_v8_v2_文本定稿/资产/复用/黑钢锥_01.jpg	制作/前三集_v8_v2_文本定稿/资产/复用/黑钢锥_01.jpg	2dc24505a1c31030003cf9e7639cce3c3025165ebb68cc8ea9b2a323cb09c64c
EP001_SH22	人物	陆照	wet_lower_tunic	制作/前三集_v8_v2_文本定稿/资产/陆照_下摆湿/ref_v01.jpg	制作/前三集_v8_v2_文本定稿/资产/陆照_下摆湿/ref_v01.jpg	874ca1a81e9b3a178d24a5370e2ad2863b42ed2e0ffbc2659a4d184906261fea
EP001_SH22	人物	闻溪	wet	制作/前三集_v8_v2_文本定稿/资产/复用/闻溪_04.jpg	制作/前三集_v8_v2_文本定稿/资产/复用/闻溪_04.jpg	64c1ea1e4dafba9cb6c138118bf2c5a86511039606b129d9a81c5f2d938ffecd
EP001_SH22	人物	灰胡子工人	wet	制作/前三集_v8_v2_文本定稿/资产/复用/灰胡子工人_04.jpg	制作/前三集_v8_v2_文本定稿/资产/复用/灰胡子工人_04.jpg	ef8f1acda1cab8b1109650e88c024a6db2b4611677a0ccc4aeb4046bc6aead41
EP001_SH22	人物	阿砾	wet	制作/前三集_v8_v2_文本定稿/资产/复用/阿砾_04.jpg	制作/前三集_v8_v2_文本定稿/资产/复用/阿砾_04.jpg	47ef2919d77733639159be89d5dbb31e522ae4c0dfab75db37ff876746336213
EP001_SH22	场景	修台		制作/前三集_v8_v2_文本定稿/资产/北门开启修台/ref_v01.jpg	制作/前三集_v8_v2_文本定稿/资产/北门开启修台/ref_v01.jpg	4f23d683569e39be9fffea0c84f0a4ccc7515fd142888251ae1064aafeca54ed
EP001_SH22	道具	北门		制作/前三集_v8_v2_文本定稿/资产/复用/北门_01.jpg	制作/前三集_v8_v2_文本定稿/资产/复用/北门_01.jpg	3ae9d1c32f0b0c4987e4ce3768b3d305408e9d010e3b7c22310f4c7cebadacae
EP001_SH22	道具	铜销		制作/前三集_v8_v2_文本定稿/资产/铜销_穿孔/ref_v01.jpg		
EP001_SH22	道具	黑钢锥		制作/前三集_v8_v2_文本定稿/资产/复用/黑钢锥_01.jpg	制作/前三集_v8_v2_文本定稿/资产/复用/黑钢锥_01.jpg	2dc24505a1c31030003cf9e7639cce3c3025165ebb68cc8ea9b2a323cb09c64c
EP002_SH01	人物	陆照	wet_lower_tunic	制作/前三集_v8_v2_文本定稿/资产/陆照_下摆湿/ref_v01.jpg	制作/前三集_v8_v2_文本定稿/资产/陆照_下摆湿/ref_v01.jpg	874ca1a81e9b3a178d24a5370e2ad2863b42ed2e0ffbc2659a4d184906261fea
EP002_SH01	人物	麻铎	wet_from_fall	制作/前三集_v8_v2_文本定稿/资产/复用/麻铎_04.jpg	制作/前三集_v8_v2_文本定稿/资产/复用/麻铎_04.jpg	eb825b0e45140a85b9e62980573046876bc0d26227385d0576fd4ce9cfefac99
EP002_SH01	场景	修台		制作/前三集_v8_v2_文本定稿/资产/北门开启修台/ref_v01.jpg	制作/前三集_v8_v2_文本定稿/资产/北门开启修台/ref_v01.jpg	4f23d683569e39be9fffea0c84f0a4ccc7515fd142888251ae1064aafeca54ed
EP002_SH01	道具	铜轮柄		制作/前三集_v8_v2_文本定稿/资产/复用/铜轮柄_01.jpg	制作/前三集_v8_v2_文本定稿/资产/复用/铜轮柄_01.jpg	0318faba8d8f8a07887875733cadfcc8070341bb8ce81be2ae94077151ad1b99
EP002_SH01	道具	铜销		制作/前三集_v8_v2_文本定稿/资产/铜销_穿孔/ref_v01.jpg		
EP002_SH01	道具	黑钢锥		制作/前三集_v8_v2_文本定稿/资产/复用/黑钢锥_01.jpg	制作/前三集_v8_v2_文本定稿/资产/复用/黑钢锥_01.jpg	2dc24505a1c31030003cf9e7639cce3c3025165ebb68cc8ea9b2a323cb09c64c
EP002_SH02	人物	陆照	wet_lower_tunic	制作/前三集_v8_v2_文本定稿/资产/陆照_下摆湿/ref_v01.jpg	制作/前三集_v8_v2_文本定稿/资产/陆照_下摆湿/ref_v01.jpg	874ca1a81e9b3a178d24a5370e2ad2863b42ed2e0ffbc2659a4d184906261fea
EP002_SH02	场景	北门轮房		制作/前三集_v8_v2_文本定稿/资产/北门轮房/ref_v01.jpg	制作/前三集_v8_v2_文本定稿/资产/北门轮房/structure_v03.jpg	a96c12399fb24fdafbdc972e6778ad780ae199d9d7d12e3633f15d24e1d901d5
EP002_SH02	道具	铜轮柄		制作/前三集_v8_v2_文本定稿/资产/复用/铜轮柄_01.jpg	制作/前三集_v8_v2_文本定稿/资产/复用/铜轮柄_01.jpg	0318faba8d8f8a07887875733cadfcc8070341bb8ce81be2ae94077151ad1b99
EP002_SH02	道具	轮轴		制作/前三集_v8_v2_文本定稿/资产/北门轮房/ref_v01.jpg	制作/前三集_v8_v2_文本定稿/资产/北门轮房/structure_v03.jpg	a96c12399fb24fdafbdc972e6778ad780ae199d9d7d12e3633f15d24e1d901d5
EP002_SH02	道具	黑钢锥		制作/前三集_v8_v2_文本定稿/资产/复用/黑钢锥_01.jpg	制作/前三集_v8_v2_文本定稿/资产/复用/黑钢锥_01.jpg	2dc24505a1c31030003cf9e7639cce3c3025165ebb68cc8ea9b2a323cb09c64c
EP002_SH03	人物	陆照	wet_lower_tunic	制作/前三集_v8_v2_文本定稿/资产/陆照_下摆湿/ref_v01.jpg	制作/前三集_v8_v2_文本定稿/资产/陆照_下摆湿/ref_v01.jpg	874ca1a81e9b3a178d24a5370e2ad2863b42ed2e0ffbc2659a4d184906261fea
EP002_SH03	场景	闸舱旁沟		制作/前三集_v8_v2_文本定稿/资产/退水货沟/ref_v01.jpg	制作/前三集_v8_v2_文本定稿/资产/退水货沟/ref_v01.jpg	dadb6571409457a4784d38a53258d4e5f2eab1fe9fcddd338045c7f3367a5fa6
EP002_SH03	道具	退水栓		制作/前三集_v8_v2_文本定稿/资产/复用/退水栓_01.jpg	制作/前三集_v8_v2_文本定稿/资产/复用/退水栓_01.jpg	518ab766836ac56251ba12b51170ba595759daf6bdd8aa4a8ab43afc3e61a5ac
EP002_SH03	道具	旁沟		制作/前三集_v8_v2_文本定稿/资产/退水货沟/ref_v01.jpg	制作/前三集_v8_v2_文本定稿/资产/退水货沟/ref_v01.jpg	dadb6571409457a4784d38a53258d4e5f2eab1fe9fcddd338045c7f3367a5fa6
EP002_SH04	人物	陆照	wet_lower_tunic	制作/前三集_v8_v2_文本定稿/资产/陆照_下摆湿/ref_v01.jpg	制作/前三集_v8_v2_文本定稿/资产/陆照_下摆湿/ref_v01.jpg	874ca1a81e9b3a178d24a5370e2ad2863b42ed2e0ffbc2659a4d184906261fea
EP002_SH04	人物	闻溪	wet	制作/前三集_v8_v2_文本定稿/资产/复用/闻溪_04.jpg	制作/前三集_v8_v2_文本定稿/资产/复用/闻溪_04.jpg	64c1ea1e4dafba9cb6c138118bf2c5a86511039606b129d9a81c5f2d938ffecd
EP002_SH04	人物	阿砾	wet	制作/前三集_v8_v2_文本定稿/资产/复用/阿砾_04.jpg	制作/前三集_v8_v2_文本定稿/资产/复用/阿砾_04.jpg	47ef2919d77733639159be89d5dbb31e522ae4c0dfab75db37ff876746336213
EP002_SH04	人物	灰胡子工人	wet	制作/前三集_v8_v2_文本定稿/资产/复用/灰胡子工人_04.jpg	制作/前三集_v8_v2_文本定稿/资产/复用/灰胡子工人_04.jpg	ef8f1acda1cab8b1109650e88c024a6db2b4611677a0ccc4aeb4046bc6aead41
EP002_SH04	场景	闸舱货沟		制作/前三集_v8_v2_文本定稿/资产/退水货沟/ref_v01.jpg	制作/前三集_v8_v2_文本定稿/资产/退水货沟/ref_v01.jpg	dadb6571409457a4784d38a53258d4e5f2eab1fe9fcddd338045c7f3367a5fa6
EP002_SH04	道具	水线印		制作/前三集_v8_v2_文本定稿/资产/退水货沟/ref_v01.jpg	制作/前三集_v8_v2_文本定稿/资产/退水货沟/ref_v01.jpg	dadb6571409457a4784d38a53258d4e5f2eab1fe9fcddd338045c7f3367a5fa6
EP002_SH04	道具	药箱		制作/前三集_v8_v2_文本定稿/资产/退水货沟/ref_v01.jpg	制作/前三集_v8_v2_文本定稿/资产/退水货沟/ref_v01.jpg	dadb6571409457a4784d38a53258d4e5f2eab1fe9fcddd338045c7f3367a5fa6
EP002_SH04	道具	铜销		制作/前三集_v8_v2_文本定稿/资产/铜销_穿孔/ref_v01.jpg		
EP002_SH05	人物	闻溪	wet	制作/前三集_v8_v2_文本定稿/资产/复用/闻溪_04.jpg	制作/前三集_v8_v2_文本定稿/资产/复用/闻溪_04.jpg	64c1ea1e4dafba9cb6c138118bf2c5a86511039606b129d9a81c5f2d938ffecd
EP002_SH05	人物	阿砾	wet	制作/前三集_v8_v2_文本定稿/资产/复用/阿砾_04.jpg	制作/前三集_v8_v2_文本定稿/资产/复用/阿砾_04.jpg	47ef2919d77733639159be89d5dbb31e522ae4c0dfab75db37ff876746336213
EP002_SH05	人物	灰胡子工人	wet	制作/前三集_v8_v2_文本定稿/资产/复用/灰胡子工人_04.jpg	制作/前三集_v8_v2_文本定稿/资产/复用/灰胡子工人_04.jpg	ef8f1acda1cab8b1109650e88c024a6db2b4611677a0ccc4aeb4046bc6aead41
EP002_SH05	人物	陆照	wet_lower_tunic	制作/前三集_v8_v2_文本定稿/资产/陆照_下摆湿/ref_v01.jpg	制作/前三集_v8_v2_文本定稿/资产/陆照_下摆湿/ref_v01.jpg	874ca1a81e9b3a178d24a5370e2ad2863b42ed2e0ffbc2659a4d184906261fea
EP002_SH05	人物	麻铎	wet_from_fall	制作/前三集_v8_v2_文本定稿/资产/复用/麻铎_04.jpg	制作/前三集_v8_v2_文本定稿/资产/复用/麻铎_04.jpg	eb825b0e45140a85b9e62980573046876bc0d26227385d0576fd4ce9cfefac99
EP002_SH05	人物	守船人	dry	制作/前三集_v8_v2_文本定稿/资产/复用/守船人_01.jpg	制作/前三集_v8_v2_文本定稿/资产/复用/守船人_01.jpg	c0d1fa7ea2459f4f38ceefe1370752744ef83032f88d1fa11bbc09e810bf6f66
EP002_SH05	人物	岑鹿	dry	制作/前三集_v8_v2_文本定稿/资产/复用/岑鹿_01.jpg	制作/前三集_v8_v2_文本定稿/资产/复用/岑鹿_01.jpg	f6fc3e1e9695bc828fa37c88d99b96d3eec367d6802a116031a8c497a41d9a01
EP002_SH05	场景	梯口		制作/前三集_v8_v2_文本定稿/资产/复用/梯口_01.jpg	制作/前三集_v8_v2_文本定稿/资产/复用/梯口_01.jpg	f2dc38b16dbab92e486a279b0c5b272311b02c71672550fc259746a39813b5dd
EP002_SH05	道具	保单		制作/前三集_v8_v2_文本定稿/资产/空白票据/ref_v01.jpg	制作/前三集_v8_v2_文本定稿/资产/空白票据/ref_v01.jpg	0540d829008d54a18051abdea8e7b3cff1eb2971f3397fde17f442eeaacfbfdf
EP002_SH05	道具	短绳		制作/前三集_v8_v2_文本定稿/资产/小物工具/ref_v01.jpg	制作/前三集_v8_v2_文本定稿/资产/小物工具/ref_v01.jpg	e1a8b7f102628c398483289e0d3138210b1902aaad7f65b6e3fceb530ec5af9e
EP002_SH05	道具	横棍		制作/前三集_v8_v2_文本定稿/资产/复用/晒网架_03.jpg	制作/前三集_v8_v2_文本定稿/资产/复用/晒网架_03.jpg	cca182b39e9bd9bae724b25f6c11f8daa49c970ace9e604467f9f9fb44170d0e
EP002_SH05	道具	铜销		制作/前三集_v8_v2_文本定稿/资产/铜销_穿孔/ref_v01.jpg		
EP002_SH06	人物	岑鹿	dry	制作/前三集_v8_v2_文本定稿/资产/复用/岑鹿_01.jpg	制作/前三集_v8_v2_文本定稿/资产/复用/岑鹿_01.jpg	f6fc3e1e9695bc828fa37c88d99b96d3eec367d6802a116031a8c497a41d9a01
EP002_SH06	人物	守船人	dry	制作/前三集_v8_v2_文本定稿/资产/复用/守船人_01.jpg	制作/前三集_v8_v2_文本定稿/资产/复用/守船人_01.jpg	c0d1fa7ea2459f4f38ceefe1370752744ef83032f88d1fa11bbc09e810bf6f66
EP002_SH06	场景	梯口		制作/前三集_v8_v2_文本定稿/资产/复用/梯口_01.jpg	制作/前三集_v8_v2_文本定稿/资产/复用/梯口_01.jpg	f2dc38b16dbab92e486a279b0c5b272311b02c71672550fc259746a39813b5dd
EP002_SH06	道具	保单		制作/前三集_v8_v2_文本定稿/资产/空白票据/ref_v01.jpg	制作/前三集_v8_v2_文本定稿/资产/空白票据/ref_v01.jpg	0540d829008d54a18051abdea8e7b3cff1eb2971f3397fde17f442eeaacfbfdf
EP002_SH06	道具	横棍		制作/前三集_v8_v2_文本定稿/资产/复用/晒网架_03.jpg	制作/前三集_v8_v2_文本定稿/资产/复用/晒网架_03.jpg	cca182b39e9bd9bae724b25f6c11f8daa49c970ace9e604467f9f9fb44170d0e
EP002_SH06	道具	药箱		制作/前三集_v8_v2_文本定稿/资产/退水货沟/ref_v01.jpg	制作/前三集_v8_v2_文本定稿/资产/退水货沟/ref_v01.jpg	dadb6571409457a4784d38a53258d4e5f2eab1fe9fcddd338045c7f3367a5fa6
EP002_SH07	人物	守船人	dry	制作/前三集_v8_v2_文本定稿/资产/复用/守船人_01.jpg	制作/前三集_v8_v2_文本定稿/资产/复用/守船人_01.jpg	c0d1fa7ea2459f4f38ceefe1370752744ef83032f88d1fa11bbc09e810bf6f66
EP002_SH07	人物	会库押解人	dry	制作/前三集_v8_v2_文本定稿/资产/会库押解人/ref_v01.jpg	制作/前三集_v8_v2_文本定稿/资产/会库押解人/ref_v01.jpg	1917304d848e74a06a16ec83ebaaf41b999b66ad676e2c4ce8ef72bab3aaa964
EP002_SH07	人物	陆照	wet_lower_tunic	制作/前三集_v8_v2_文本定稿/资产/陆照_下摆湿/ref_v01.jpg	制作/前三集_v8_v2_文本定稿/资产/陆照_下摆湿/ref_v01.jpg	874ca1a81e9b3a178d24a5370e2ad2863b42ed2e0ffbc2659a4d184906261fea
EP002_SH07	人物	麻铎	wet_from_fall	制作/前三集_v8_v2_文本定稿/资产/复用/麻铎_04.jpg	制作/前三集_v8_v2_文本定稿/资产/复用/麻铎_04.jpg	eb825b0e45140a85b9e62980573046876bc0d26227385d0576fd4ce9cfefac99
EP002_SH07	人物	闻溪	wet	制作/前三集_v8_v2_文本定稿/资产/复用/闻溪_04.jpg	制作/前三集_v8_v2_文本定稿/资产/复用/闻溪_04.jpg	64c1ea1e4dafba9cb6c138118bf2c5a86511039606b129d9a81c5f2d938ffecd
EP002_SH07	人物	阿砾	wet	制作/前三集_v8_v2_文本定稿/资产/复用/阿砾_04.jpg	制作/前三集_v8_v2_文本定稿/资产/复用/阿砾_04.jpg	47ef2919d77733639159be89d5dbb31e522ae4c0dfab75db37ff876746336213
EP002_SH07	人物	灰胡子工人	wet	制作/前三集_v8_v2_文本定稿/资产/复用/灰胡子工人_04.jpg	制作/前三集_v8_v2_文本定稿/资产/复用/灰胡子工人_04.jpg	ef8f1acda1cab8b1109650e88c024a6db2b4611677a0ccc4aeb4046bc6aead41
EP002_SH07	场景	码头		制作/前三集_v8_v2_文本定稿/资产/复用/码头_01.jpg	制作/前三集_v8_v2_文本定稿/资产/复用/码头_01.jpg	c0c00c1a7fd0f5e8774510b5aa7be0be83b2d6ff6b22f5089a160d3c934967af
EP002_SH07	道具	药箱		制作/前三集_v8_v2_文本定稿/资产/退水货沟/ref_v01.jpg	制作/前三集_v8_v2_文本定稿/资产/退水货沟/ref_v01.jpg	dadb6571409457a4784d38a53258d4e5f2eab1fe9fcddd338045c7f3367a5fa6
EP002_SH07	道具	短绳		制作/前三集_v8_v2_文本定稿/资产/小物工具/ref_v01.jpg	制作/前三集_v8_v2_文本定稿/资产/小物工具/ref_v01.jpg	e1a8b7f102628c398483289e0d3138210b1902aaad7f65b6e3fceb530ec5af9e
EP002_SH08	人物	岑鹿	dry	制作/前三集_v8_v2_文本定稿/资产/复用/岑鹿_01.jpg	制作/前三集_v8_v2_文本定稿/资产/复用/岑鹿_01.jpg	f6fc3e1e9695bc828fa37c88d99b96d3eec367d6802a116031a8c497a41d9a01
EP002_SH08	人物	陆照	wet_lower_tunic	制作/前三集_v8_v2_文本定稿/资产/陆照_下摆湿/ref_v01.jpg	制作/前三集_v8_v2_文本定稿/资产/陆照_下摆湿/ref_v01.jpg	874ca1a81e9b3a178d24a5370e2ad2863b42ed2e0ffbc2659a4d184906261fea
EP002_SH08	场景	码头		制作/前三集_v8_v2_文本定稿/资产/复用/码头_01.jpg	制作/前三集_v8_v2_文本定稿/资产/复用/码头_01.jpg	c0c00c1a7fd0f5e8774510b5aa7be0be83b2d6ff6b22f5089a160d3c934967af
EP002_SH08	道具	秤		制作/前三集_v8_v2_文本定稿/资产/小物工具/ref_v01.jpg	制作/前三集_v8_v2_文本定稿/资产/小物工具/ref_v01.jpg	e1a8b7f102628c398483289e0d3138210b1902aaad7f65b6e3fceb530ec5af9e
EP002_SH08	道具	钱袋铜钱		制作/前三集_v8_v2_文本定稿/资产/小钱袋成串铜钱/ref_v01.jpg	制作/前三集_v8_v2_文本定稿/资产/小钱袋成串铜钱/ref_v01.jpg	70db97c3508baa83b3c088d6694d92c20e59d640e14cd8c5f36330bd97c01a49
EP002_SH08	道具	结工纸		制作/前三集_v8_v2_文本定稿/资产/空白票据/ref_v01.jpg	制作/前三集_v8_v2_文本定稿/资产/空白票据/ref_v01.jpg	0540d829008d54a18051abdea8e7b3cff1eb2971f3397fde17f442eeaacfbfdf
EP002_SH09	人物	陆照	wet_lower_tunic_bandaged_palm	制作/前三集_v8_v2_文本定稿/资产/陆照_湿衣包掌/ref_v01.jpg	制作/前三集_v8_v2_文本定稿/资产/陆照_湿衣包掌/ref_v01.jpg	6696cec7a74f567784e755fc98229de6b8969228870d734c8ebbb2ae271c940f
EP002_SH09	人物	闻溪	wet	制作/前三集_v8_v2_文本定稿/资产/复用/闻溪_04.jpg	制作/前三集_v8_v2_文本定稿/资产/复用/闻溪_04.jpg	64c1ea1e4dafba9cb6c138118bf2c5a86511039606b129d9a81c5f2d938ffecd
EP002_SH09	场景	码头		制作/前三集_v8_v2_文本定稿/资产/复用/码头_01.jpg	制作/前三集_v8_v2_文本定稿/资产/复用/码头_01.jpg	c0c00c1a7fd0f5e8774510b5aa7be0be83b2d6ff6b22f5089a160d3c934967af
EP002_SH09	道具	药布		制作/前三集_v8_v2_文本定稿/资产/复用/药布_01.jpg	制作/前三集_v8_v2_文本定稿/资产/复用/药布_01.jpg	123879183b2ec02a40909d961a5314d83eb75f218bd44549aa1c17ed0ee3f257
EP002_SH09	道具	药钱		制作/前三集_v8_v2_文本定稿/资产/小钱袋成串铜钱/ref_v01.jpg	制作/前三集_v8_v2_文本定稿/资产/小钱袋成串铜钱/ref_v01.jpg	70db97c3508baa83b3c088d6694d92c20e59d640e14cd8c5f36330bd97c01a49
EP002_SH10	人物	陆照	wet_lower_tunic_bandaged_palm	制作/前三集_v8_v2_文本定稿/资产/陆照_湿衣包掌配鞘/ref_v01.jpg	制作/前三集_v8_v2_文本定稿/资产/陆照_湿衣包掌配鞘/repair_v03.jpg	da41d3a3084ac4e3ea84eb60682803141e1a4bd0bb08a3a14f469bd85f54927f
EP002_SH10	场景	鞘摊		制作/前三集_v8_v2_文本定稿/资产/鞘摊/ref_v01.jpg	制作/前三集_v8_v2_文本定稿/资产/鞘摊/ref_v01.jpg	a3ec78accb08a1efc35fc9ab87cddafd0bdd865ecfe7a24828cb508d9a41d04c
EP002_SH10	道具	皮鞘		制作/前三集_v8_v2_文本定稿/资产/复用/皮鞘_01.jpg	制作/前三集_v8_v2_文本定稿/资产/复用/皮鞘_01.jpg	ba8a3fa037fd1088e5476dbd24e6d33af09f41552dc77bc5fa7741ff0ac55a35
EP002_SH10	道具	黑钢锥		制作/前三集_v8_v2_文本定稿/资产/复用/黑钢锥_01.jpg	制作/前三集_v8_v2_文本定稿/资产/复用/黑钢锥_01.jpg	2dc24505a1c31030003cf9e7639cce3c3025165ebb68cc8ea9b2a323cb09c64c
EP002_SH10	道具	铜钱		制作/前三集_v8_v2_文本定稿/资产/小钱袋成串铜钱/ref_v01.jpg	制作/前三集_v8_v2_文本定稿/资产/小钱袋成串铜钱/ref_v01.jpg	70db97c3508baa83b3c088d6694d92c20e59d640e14cd8c5f36330bd97c01a49
EP002_SH11	人物	陆照	flashback_chest_wound	制作/前三集_v8_v2_文本定稿/资产/陆照_三月前旧伤/ref_v01.jpg	制作/前三集_v8_v2_文本定稿/资产/陆照_三月前旧伤/repair_v03.jpg	73270676c95e6aebe38fcbfc3a3df422079e321d81ec70af648e19cbd32b10ca
EP002_SH11	人物	余烬老人	gaunt_clean_shaven_red_wrist	制作/前三集_v8_v2_文本定稿/资产/余烬老人/ref_v01.jpg	制作/前三集_v8_v2_文本定稿/资产/余烬老人/ref_v01.jpg	3c90442e53173653b7f3e229f006afff4831205b3d2ee40bd285f99a25654183
EP002_SH11	场景	废船回忆		制作/前三集_v8_v2_文本定稿/资产/复用/废船_01.jpg	制作/前三集_v8_v2_文本定稿/资产/复用/废船_01.jpg	d2986c8844344df704dd57629f5c2610ee9952b35e201ac25313f5f07bcf0a51
EP002_SH11	道具	余烬		制作/前三集_v8_v2_文本定稿/资产/复用/余烬_01.jpg	制作/前三集_v8_v2_文本定稿/资产/复用/余烬_01.jpg	2aac0b202d1a1018a30fd436f62b1388130a2bd25a0994bf430f7c5b86a62ba3
EP002_SH11	道具	旧盒		制作/前三集_v8_v2_文本定稿/资产/小物工具/ref_v01.jpg	制作/前三集_v8_v2_文本定稿/资产/小物工具/ref_v01.jpg	e1a8b7f102628c398483289e0d3138210b1902aaad7f65b6e3fceb530ec5af9e
EP002_SH11	道具	黑钢锥		制作/前三集_v8_v2_文本定稿/资产/复用/黑钢锥_01.jpg	制作/前三集_v8_v2_文本定稿/资产/复用/黑钢锥_01.jpg	2dc24505a1c31030003cf9e7639cce3c3025165ebb68cc8ea9b2a323cb09c64c
EP002_SH12	人物	陆照	flashback_chest_wound	制作/前三集_v8_v2_文本定稿/资产/陆照_三月前旧伤/ref_v01.jpg	制作/前三集_v8_v2_文本定稿/资产/陆照_三月前旧伤/repair_v03.jpg	73270676c95e6aebe38fcbfc3a3df422079e321d81ec70af648e19cbd32b10ca
EP002_SH12	人物	余烬老人	gaunt_clean_shaven_red_wrist	制作/前三集_v8_v2_文本定稿/资产/余烬老人/ref_v01.jpg	制作/前三集_v8_v2_文本定稿/资产/余烬老人/ref_v01.jpg	3c90442e53173653b7f3e229f006afff4831205b3d2ee40bd285f99a25654183
EP002_SH12	场景	废船回忆		制作/前三集_v8_v2_文本定稿/资产/复用/废船_01.jpg	制作/前三集_v8_v2_文本定稿/资产/复用/废船_01.jpg	d2986c8844344df704dd57629f5c2610ee9952b35e201ac25313f5f07bcf0a51
EP002_SH12	道具	黑钢锥		制作/前三集_v8_v2_文本定稿/资产/复用/黑钢锥_01.jpg	制作/前三集_v8_v2_文本定稿/资产/复用/黑钢锥_01.jpg	2dc24505a1c31030003cf9e7639cce3c3025165ebb68cc8ea9b2a323cb09c64c
EP002_SH12	道具	余烬		制作/前三集_v8_v2_文本定稿/资产/复用/余烬_01.jpg	制作/前三集_v8_v2_文本定稿/资产/复用/余烬_01.jpg	2aac0b202d1a1018a30fd436f62b1388130a2bd25a0994bf430f7c5b86a62ba3
EP002_SH13	人物	陆照	damp_lower_tunic_bandaged_palm	制作/前三集_v8_v2_文本定稿/资产/陆照_湿衣包掌配鞘/ref_v01.jpg	制作/前三集_v8_v2_文本定稿/资产/陆照_湿衣包掌配鞘/repair_v03.jpg	da41d3a3084ac4e3ea84eb60682803141e1a4bd0bb08a3a14f469bd85f54927f
EP002_SH13	人物	陆禾	dry	制作/前三集_v8_v2_文本定稿/资产/复用/陆禾_01.jpg	制作/前三集_v8_v2_文本定稿/资产/复用/陆禾_01.jpg	06284023eadc1c447de50e0fdf1ee8eb8203bf3ab4ccaf131943b3eba2e99e79
EP002_SH13	场景	盐棚住屋		制作/前三集_v8_v2_文本定稿/资产/复用/住屋_01.jpg	制作/前三集_v8_v2_文本定稿/资产/复用/住屋_01.jpg	c33bd6505ec57eefc0b4c3426fea31bd37d635bdbe060136a2bd99dbab83a423
EP002_SH13	道具	钱袋铜钱		制作/前三集_v8_v2_文本定稿/资产/小钱袋成串铜钱/ref_v01.jpg	制作/前三集_v8_v2_文本定稿/资产/小钱袋成串铜钱/ref_v01.jpg	70db97c3508baa83b3c088d6694d92c20e59d640e14cd8c5f36330bd97c01a49
EP002_SH13	道具	桌		制作/前三集_v8_v2_文本定稿/资产/复用/住屋_01.jpg	制作/前三集_v8_v2_文本定稿/资产/复用/住屋_01.jpg	c33bd6505ec57eefc0b4c3426fea31bd37d635bdbe060136a2bd99dbab83a423
EP002_SH13	道具	饭碗		制作/前三集_v8_v2_文本定稿/资产/双完整饭碗/ref_v01.jpg	制作/前三集_v8_v2_文本定稿/资产/双完整饭碗/ref_v01.jpg	603e830fa960a300d91ffda91b3bdd7bac766f20ecd92ccd2110b90423612b18
EP002_SH14	人物	陆照	damp_lower_tunic_bandaged_palm	制作/前三集_v8_v2_文本定稿/资产/陆照_湿衣包掌配鞘/ref_v01.jpg	制作/前三集_v8_v2_文本定稿/资产/陆照_湿衣包掌配鞘/repair_v03.jpg	da41d3a3084ac4e3ea84eb60682803141e1a4bd0bb08a3a14f469bd85f54927f
EP002_SH14	人物	陆禾	dry	制作/前三集_v8_v2_文本定稿/资产/复用/陆禾_01.jpg	制作/前三集_v8_v2_文本定稿/资产/复用/陆禾_01.jpg	06284023eadc1c447de50e0fdf1ee8eb8203bf3ab4ccaf131943b3eba2e99e79
EP002_SH14	场景	盐棚住屋		制作/前三集_v8_v2_文本定稿/资产/复用/住屋_01.jpg	制作/前三集_v8_v2_文本定稿/资产/复用/住屋_01.jpg	c33bd6505ec57eefc0b4c3426fea31bd37d635bdbe060136a2bd99dbab83a423
EP002_SH14	道具	完整饭碗		制作/前三集_v8_v2_文本定稿/资产/双完整饭碗/ref_v01.jpg	制作/前三集_v8_v2_文本定稿/资产/双完整饭碗/ref_v01.jpg	603e830fa960a300d91ffda91b3bdd7bac766f20ecd92ccd2110b90423612b18
EP002_SH14	道具	缺口碗		制作/前三集_v8_v2_文本定稿/资产/复用/双碗_01.jpg	制作/前三集_v8_v2_文本定稿/资产/复用/双碗_01.jpg	8cacca7f9a3aad89634b0a2c0f6b0e77bb29d33b141d15af58207b5c0048e6cc
EP002_SH14	道具	肉		制作/前三集_v8_v2_文本定稿/资产/双完整饭碗/ref_v01.jpg	制作/前三集_v8_v2_文本定稿/资产/双完整饭碗/ref_v01.jpg	603e830fa960a300d91ffda91b3bdd7bac766f20ecd92ccd2110b90423612b18
EP002_SH15	人物	陆照	damp_lower_tunic_bandaged_palm	制作/前三集_v8_v2_文本定稿/资产/陆照_湿衣包掌配鞘/ref_v01.jpg	制作/前三集_v8_v2_文本定稿/资产/陆照_湿衣包掌配鞘/repair_v03.jpg	da41d3a3084ac4e3ea84eb60682803141e1a4bd0bb08a3a14f469bd85f54927f
EP002_SH15	人物	陆禾	dry	制作/前三集_v8_v2_文本定稿/资产/复用/陆禾_01.jpg	制作/前三集_v8_v2_文本定稿/资产/复用/陆禾_01.jpg	06284023eadc1c447de50e0fdf1ee8eb8203bf3ab4ccaf131943b3eba2e99e79
EP002_SH15	场景	盐棚住屋		制作/前三集_v8_v2_文本定稿/资产/复用/住屋_01.jpg	制作/前三集_v8_v2_文本定稿/资产/复用/住屋_01.jpg	c33bd6505ec57eefc0b4c3426fea31bd37d635bdbe060136a2bd99dbab83a423
EP002_SH15	道具	两只完整碗		制作/前三集_v8_v2_文本定稿/资产/双完整饭碗/ref_v01.jpg	制作/前三集_v8_v2_文本定稿/资产/双完整饭碗/ref_v01.jpg	603e830fa960a300d91ffda91b3bdd7bac766f20ecd92ccd2110b90423612b18
EP002_SH15	道具	肉		制作/前三集_v8_v2_文本定稿/资产/双完整饭碗/ref_v01.jpg	制作/前三集_v8_v2_文本定稿/资产/双完整饭碗/ref_v01.jpg	603e830fa960a300d91ffda91b3bdd7bac766f20ecd92ccd2110b90423612b18
EP002_SH16	人物	陆照	damp_lower_tunic_bandaged_palm	制作/前三集_v8_v2_文本定稿/资产/陆照_湿衣包掌配鞘/ref_v01.jpg	制作/前三集_v8_v2_文本定稿/资产/陆照_湿衣包掌配鞘/repair_v03.jpg	da41d3a3084ac4e3ea84eb60682803141e1a4bd0bb08a3a14f469bd85f54927f
EP002_SH16	人物	陆禾	dry	制作/前三集_v8_v2_文本定稿/资产/复用/陆禾_01.jpg	制作/前三集_v8_v2_文本定稿/资产/复用/陆禾_01.jpg	06284023eadc1c447de50e0fdf1ee8eb8203bf3ab4ccaf131943b3eba2e99e79
EP002_SH16	场景	盐棚住屋		制作/前三集_v8_v2_文本定稿/资产/复用/住屋_01.jpg	制作/前三集_v8_v2_文本定稿/资产/复用/住屋_01.jpg	c33bd6505ec57eefc0b4c3426fea31bd37d635bdbe060136a2bd99dbab83a423
EP002_SH16	道具	售船纸		制作/前三集_v8_v2_文本定稿/资产/复用/售船纸_01.jpg	制作/前三集_v8_v2_文本定稿/资产/复用/售船纸_01.jpg	edc406e0d207ba3a87011c7c7e214e2d65f71144dd5ca86029e843e58344ebec
EP002_SH16	道具	两只完整碗		制作/前三集_v8_v2_文本定稿/资产/双完整饭碗/ref_v01.jpg	制作/前三集_v8_v2_文本定稿/资产/双完整饭碗/ref_v01.jpg	603e830fa960a300d91ffda91b3bdd7bac766f20ecd92ccd2110b90423612b18
EP002_SH16	道具	铜钱		制作/前三集_v8_v2_文本定稿/资产/小钱袋成串铜钱/ref_v01.jpg	制作/前三集_v8_v2_文本定稿/资产/小钱袋成串铜钱/ref_v01.jpg	70db97c3508baa83b3c088d6694d92c20e59d640e14cd8c5f36330bd97c01a49
EP002_SH17	人物	陆照	damp_lower_tunic_bandaged_palm	制作/前三集_v8_v2_文本定稿/资产/陆照_湿衣包掌配鞘/ref_v01.jpg	制作/前三集_v8_v2_文本定稿/资产/陆照_湿衣包掌配鞘/repair_v03.jpg	da41d3a3084ac4e3ea84eb60682803141e1a4bd0bb08a3a14f469bd85f54927f
EP002_SH17	人物	陆禾	dry	制作/前三集_v8_v2_文本定稿/资产/复用/陆禾_01.jpg	制作/前三集_v8_v2_文本定稿/资产/复用/陆禾_01.jpg	06284023eadc1c447de50e0fdf1ee8eb8203bf3ab4ccaf131943b3eba2e99e79
EP002_SH17	场景	盐棚住屋		制作/前三集_v8_v2_文本定稿/资产/复用/住屋_01.jpg	制作/前三集_v8_v2_文本定稿/资产/复用/住屋_01.jpg	c33bd6505ec57eefc0b4c3426fea31bd37d635bdbe060136a2bd99dbab83a423
EP002_SH17	道具	钱袋铜钱		制作/前三集_v8_v2_文本定稿/资产/小钱袋成串铜钱/ref_v01.jpg	制作/前三集_v8_v2_文本定稿/资产/小钱袋成串铜钱/ref_v01.jpg	70db97c3508baa83b3c088d6694d92c20e59d640e14cd8c5f36330bd97c01a49
EP002_SH17	道具	售船纸		制作/前三集_v8_v2_文本定稿/资产/复用/售船纸_01.jpg	制作/前三集_v8_v2_文本定稿/资产/复用/售船纸_01.jpg	edc406e0d207ba3a87011c7c7e214e2d65f71144dd5ca86029e843e58344ebec
EP002_SH17	道具	两只完整碗		制作/前三集_v8_v2_文本定稿/资产/双完整饭碗/ref_v01.jpg	制作/前三集_v8_v2_文本定稿/资产/双完整饭碗/ref_v01.jpg	603e830fa960a300d91ffda91b3bdd7bac766f20ecd92ccd2110b90423612b18
EP003_SH01	人物	陆照	dry_bandaged_palm	制作/前三集_v8_v2_文本定稿/资产/陆照_干衣包掌配鞘/ref_v01.jpg	制作/前三集_v8_v2_文本定稿/资产/陆照_干衣包掌配鞘/ref_v02.jpg	c98bec122745e05ddfdc0eee7c3d4d362f4ff0eeb0783bc4959a41967936bdaf
EP003_SH01	场景	盐棚水槽		制作/前三集_v8_v2_文本定稿/资产/盐棚水槽/ref_v01.jpg	制作/前三集_v8_v2_文本定稿/资产/盐棚水槽/ref_v01.jpg	c1d14469e31b30419063722afaadc36c49eee8ef6170adfeba323c085fb64bd7
EP003_SH01	道具	黑钢锥		制作/前三集_v8_v2_文本定稿/资产/复用/黑钢锥_01.jpg	制作/前三集_v8_v2_文本定稿/资产/复用/黑钢锥_01.jpg	2dc24505a1c31030003cf9e7639cce3c3025165ebb68cc8ea9b2a323cb09c64c
EP003_SH01	道具	皮鞘		制作/前三集_v8_v2_文本定稿/资产/复用/皮鞘_01.jpg	制作/前三集_v8_v2_文本定稿/资产/复用/皮鞘_01.jpg	ba8a3fa037fd1088e5476dbd24e6d33af09f41552dc77bc5fa7741ff0ac55a35
EP003_SH01	道具	铜塞		制作/前三集_v8_v2_文本定稿/资产/复用/铜塞水桶_01.jpg	制作/前三集_v8_v2_文本定稿/资产/复用/铜塞水桶_01.jpg	cc22ce31a6b9d5f6ab53d180bd4a6a6bbb2f2483fb2d82db25b71a025d5a7c9e
EP003_SH01	道具	水桶		制作/前三集_v8_v2_文本定稿/资产/复用/铜塞水桶_01.jpg	制作/前三集_v8_v2_文本定稿/资产/复用/铜塞水桶_01.jpg	cc22ce31a6b9d5f6ab53d180bd4a6a6bbb2f2483fb2d82db25b71a025d5a7c9e
EP003_SH02	人物	陆照	dry_bandaged_palm	制作/前三集_v8_v2_文本定稿/资产/陆照_干衣包掌配鞘/ref_v01.jpg	制作/前三集_v8_v2_文本定稿/资产/陆照_干衣包掌配鞘/ref_v02.jpg	c98bec122745e05ddfdc0eee7c3d4d362f4ff0eeb0783bc4959a41967936bdaf
EP003_SH02	人物	闻溪	dry	制作/前三集_v8_v2_文本定稿/资产/复用/闻溪_01.jpg	制作/前三集_v8_v2_文本定稿/资产/复用/闻溪_01.jpg	2754fefd3398e60ef449f9d3289d049aa223327ec49e434d1f3a46ed13e35d07
EP003_SH02	人物	水槽货主	dry	制作/前三集_v8_v2_文本定稿/资产/水槽货主/ref_v01.jpg	制作/前三集_v8_v2_文本定稿/资产/水槽货主/ref_v01.jpg	23b0d677fba3fe3a6570d83a96e9650333be8d24fb8494bd58788b05d06f0ec3
EP003_SH02	场景	盐棚门口		制作/前三集_v8_v2_文本定稿/资产/盐棚门网轴线/ref_v01.jpg	制作/前三集_v8_v2_文本定稿/资产/盐棚门网轴线/ref_v01.jpg	b839a6548578af7e7af023493a3e24946298fae924abf748df38ccca82a5e265
EP003_SH02	道具	铜钱		制作/前三集_v8_v2_文本定稿/资产/小钱袋成串铜钱/ref_v01.jpg	制作/前三集_v8_v2_文本定稿/资产/小钱袋成串铜钱/ref_v01.jpg	70db97c3508baa83b3c088d6694d92c20e59d640e14cd8c5f36330bd97c01a49
EP003_SH02	道具	饭碗		制作/前三集_v8_v2_文本定稿/资产/双完整饭碗/ref_v01.jpg	制作/前三集_v8_v2_文本定稿/资产/双完整饭碗/ref_v01.jpg	603e830fa960a300d91ffda91b3bdd7bac766f20ecd92ccd2110b90423612b18
EP003_SH02	道具	黑钢锥		制作/前三集_v8_v2_文本定稿/资产/复用/黑钢锥_01.jpg	制作/前三集_v8_v2_文本定稿/资产/复用/黑钢锥_01.jpg	2dc24505a1c31030003cf9e7639cce3c3025165ebb68cc8ea9b2a323cb09c64c
EP003_SH02	道具	皮鞘		制作/前三集_v8_v2_文本定稿/资产/复用/皮鞘_01.jpg	制作/前三集_v8_v2_文本定稿/资产/复用/皮鞘_01.jpg	ba8a3fa037fd1088e5476dbd24e6d33af09f41552dc77bc5fa7741ff0ac55a35
EP003_SH03	人物	葛牙	dry	制作/前三集_v8_v2_文本定稿/资产/复用/葛牙_01.jpg	制作/前三集_v8_v2_文本定稿/资产/复用/葛牙_01.jpg	d2820c27545132b4cd142e0cc4d67e054bc696a597b8ff88a520b650da83dbca
EP003_SH03	人物	阿砾	dry	制作/前三集_v8_v2_文本定稿/资产/复用/阿砾_01.jpg	制作/前三集_v8_v2_文本定稿/资产/复用/阿砾_01.jpg	a3a218ac22307538ae4345f59290a4f43546b57c3dccab1521ef101f31c72901
EP003_SH03	人物	陆照	dry_bandaged_palm	制作/前三集_v8_v2_文本定稿/资产/陆照_干衣包掌配鞘/ref_v01.jpg	制作/前三集_v8_v2_文本定稿/资产/陆照_干衣包掌配鞘/ref_v02.jpg	c98bec122745e05ddfdc0eee7c3d4d362f4ff0eeb0783bc4959a41967936bdaf
EP003_SH03	人物	闻溪	dry	制作/前三集_v8_v2_文本定稿/资产/复用/闻溪_01.jpg	制作/前三集_v8_v2_文本定稿/资产/复用/闻溪_01.jpg	2754fefd3398e60ef449f9d3289d049aa223327ec49e434d1f3a46ed13e35d07
EP003_SH03	场景	盐棚外		制作/前三集_v8_v2_文本定稿/资产/盐棚门网轴线/ref_v01.jpg	制作/前三集_v8_v2_文本定稿/资产/盐棚门网轴线/ref_v01.jpg	b839a6548578af7e7af023493a3e24946298fae924abf748df38ccca82a5e265
EP003_SH03	道具	短刀		制作/前三集_v8_v2_文本定稿/资产/复用/短刀_01.jpg	制作/前三集_v8_v2_文本定稿/资产/复用/短刀_01.jpg	b8df93521fbbcc65c0cf7cc1f3d7da386af2b6a95c466d6c445264e67fc181ff
EP003_SH03	道具	黑钢锥		制作/前三集_v8_v2_文本定稿/资产/复用/黑钢锥_01.jpg	制作/前三集_v8_v2_文本定稿/资产/复用/黑钢锥_01.jpg	2dc24505a1c31030003cf9e7639cce3c3025165ebb68cc8ea9b2a323cb09c64c
EP003_SH03	道具	皮鞘		制作/前三集_v8_v2_文本定稿/资产/复用/皮鞘_01.jpg	制作/前三集_v8_v2_文本定稿/资产/复用/皮鞘_01.jpg	ba8a3fa037fd1088e5476dbd24e6d33af09f41552dc77bc5fa7741ff0ac55a35
EP003_SH04	人物	陆照	dry_bandaged_palm	制作/前三集_v8_v2_文本定稿/资产/陆照_干衣包掌配鞘/ref_v01.jpg	制作/前三集_v8_v2_文本定稿/资产/陆照_干衣包掌配鞘/ref_v02.jpg	c98bec122745e05ddfdc0eee7c3d4d362f4ff0eeb0783bc4959a41967936bdaf
EP003_SH04	人物	葛牙	dry	制作/前三集_v8_v2_文本定稿/资产/复用/葛牙_01.jpg	制作/前三集_v8_v2_文本定稿/资产/复用/葛牙_01.jpg	d2820c27545132b4cd142e0cc4d67e054bc696a597b8ff88a520b650da83dbca
EP003_SH04	人物	阿砾	dry	制作/前三集_v8_v2_文本定稿/资产/复用/阿砾_01.jpg	制作/前三集_v8_v2_文本定稿/资产/复用/阿砾_01.jpg	a3a218ac22307538ae4345f59290a4f43546b57c3dccab1521ef101f31c72901
EP003_SH04	人物	闻溪	dry	制作/前三集_v8_v2_文本定稿/资产/复用/闻溪_01.jpg	制作/前三集_v8_v2_文本定稿/资产/复用/闻溪_01.jpg	2754fefd3398e60ef449f9d3289d049aa223327ec49e434d1f3a46ed13e35d07
EP003_SH04	场景	盐棚外		制作/前三集_v8_v2_文本定稿/资产/盐棚门网轴线/ref_v01.jpg	制作/前三集_v8_v2_文本定稿/资产/盐棚门网轴线/ref_v01.jpg	b839a6548578af7e7af023493a3e24946298fae924abf748df38ccca82a5e265
EP003_SH04	道具	饭碗		制作/前三集_v8_v2_文本定稿/资产/双完整饭碗/ref_v01.jpg	制作/前三集_v8_v2_文本定稿/资产/双完整饭碗/ref_v01.jpg	603e830fa960a300d91ffda91b3bdd7bac766f20ecd92ccd2110b90423612b18
EP003_SH04	道具	黑钢锥		制作/前三集_v8_v2_文本定稿/资产/复用/黑钢锥_01.jpg	制作/前三集_v8_v2_文本定稿/资产/复用/黑钢锥_01.jpg	2dc24505a1c31030003cf9e7639cce3c3025165ebb68cc8ea9b2a323cb09c64c
EP003_SH04	道具	皮鞘		制作/前三集_v8_v2_文本定稿/资产/复用/皮鞘_01.jpg	制作/前三集_v8_v2_文本定稿/资产/复用/皮鞘_01.jpg	ba8a3fa037fd1088e5476dbd24e6d33af09f41552dc77bc5fa7741ff0ac55a35
EP003_SH04	道具	短刀		制作/前三集_v8_v2_文本定稿/资产/复用/短刀_01.jpg	制作/前三集_v8_v2_文本定稿/资产/复用/短刀_01.jpg	b8df93521fbbcc65c0cf7cc1f3d7da386af2b6a95c466d6c445264e67fc181ff
EP003_SH05	人物	葛牙	dry	制作/前三集_v8_v2_文本定稿/资产/复用/葛牙_01.jpg	制作/前三集_v8_v2_文本定稿/资产/复用/葛牙_01.jpg	d2820c27545132b4cd142e0cc4d67e054bc696a597b8ff88a520b650da83dbca
EP003_SH05	人物	阿砾	dry	制作/前三集_v8_v2_文本定稿/资产/复用/阿砾_01.jpg	制作/前三集_v8_v2_文本定稿/资产/复用/阿砾_01.jpg	a3a218ac22307538ae4345f59290a4f43546b57c3dccab1521ef101f31c72901
EP003_SH05	人物	闻溪	dry	制作/前三集_v8_v2_文本定稿/资产/复用/闻溪_01.jpg	制作/前三集_v8_v2_文本定稿/资产/复用/闻溪_01.jpg	2754fefd3398e60ef449f9d3289d049aa223327ec49e434d1f3a46ed13e35d07
EP003_SH05	人物	陆照	left_shoulder_fresh_cut_bandaged_palm	制作/前三集_v8_v2_文本定稿/资产/陆照_干衣包掌配鞘/ref_v01.jpg	制作/前三集_v8_v2_文本定稿/资产/陆照_干衣包掌配鞘/ref_v02.jpg	c98bec122745e05ddfdc0eee7c3d4d362f4ff0eeb0783bc4959a41967936bdaf
EP003_SH05	场景	盐棚外		制作/前三集_v8_v2_文本定稿/资产/盐棚门网轴线/ref_v01.jpg	制作/前三集_v8_v2_文本定稿/资产/盐棚门网轴线/ref_v01.jpg	b839a6548578af7e7af023493a3e24946298fae924abf748df38ccca82a5e265
EP003_SH05	道具	短刀		制作/前三集_v8_v2_文本定稿/资产/复用/短刀_01.jpg	制作/前三集_v8_v2_文本定稿/资产/复用/短刀_01.jpg	b8df93521fbbcc65c0cf7cc1f3d7da386af2b6a95c466d6c445264e67fc181ff
EP003_SH05	道具	黑钢锥		制作/前三集_v8_v2_文本定稿/资产/复用/黑钢锥_01.jpg	制作/前三集_v8_v2_文本定稿/资产/复用/黑钢锥_01.jpg	2dc24505a1c31030003cf9e7639cce3c3025165ebb68cc8ea9b2a323cb09c64c
EP003_SH05	道具	皮鞘		制作/前三集_v8_v2_文本定稿/资产/复用/皮鞘_01.jpg	制作/前三集_v8_v2_文本定稿/资产/复用/皮鞘_01.jpg	ba8a3fa037fd1088e5476dbd24e6d33af09f41552dc77bc5fa7741ff0ac55a35
EP003_SH06	人物	陆照	left_shoulder_fresh_cut_bandaged_palm	制作/前三集_v8_v2_文本定稿/资产/陆照_左肩伤包掌/ref_v01.jpg	制作/前三集_v8_v2_文本定稿/资产/陆照_左肩伤包掌/ref_v01.jpg	02b7108af67b823e8139a525012be6330e328fb670a92d6f869aebdc013e63cb
EP003_SH06	人物	葛牙	dry	制作/前三集_v8_v2_文本定稿/资产/复用/葛牙_01.jpg	制作/前三集_v8_v2_文本定稿/资产/复用/葛牙_01.jpg	d2820c27545132b4cd142e0cc4d67e054bc696a597b8ff88a520b650da83dbca
EP003_SH06	人物	闻溪	dry	制作/前三集_v8_v2_文本定稿/资产/复用/闻溪_01.jpg	制作/前三集_v8_v2_文本定稿/资产/复用/闻溪_01.jpg	2754fefd3398e60ef449f9d3289d049aa223327ec49e434d1f3a46ed13e35d07
EP003_SH06	人物	阿砾	dry	制作/前三集_v8_v2_文本定稿/资产/复用/阿砾_01.jpg	制作/前三集_v8_v2_文本定稿/资产/复用/阿砾_01.jpg	a3a218ac22307538ae4345f59290a4f43546b57c3dccab1521ef101f31c72901
EP003_SH06	场景	盐棚外		制作/前三集_v8_v2_文本定稿/资产/盐棚门网轴线/ref_v01.jpg	制作/前三集_v8_v2_文本定稿/资产/盐棚门网轴线/ref_v01.jpg	b839a6548578af7e7af023493a3e24946298fae924abf748df38ccca82a5e265
EP003_SH06	道具	黑钢锥		制作/前三集_v8_v2_文本定稿/资产/复用/黑钢锥_01.jpg	制作/前三集_v8_v2_文本定稿/资产/复用/黑钢锥_01.jpg	2dc24505a1c31030003cf9e7639cce3c3025165ebb68cc8ea9b2a323cb09c64c
EP003_SH06	道具	短刀		制作/前三集_v8_v2_文本定稿/资产/复用/短刀_01.jpg	制作/前三集_v8_v2_文本定稿/资产/复用/短刀_01.jpg	b8df93521fbbcc65c0cf7cc1f3d7da386af2b6a95c466d6c445264e67fc181ff
EP003_SH06	道具	晒网架		制作/前三集_v8_v2_文本定稿/资产/网架近景/ref_v01.jpg	制作/前三集_v8_v2_文本定稿/资产/网架近景/ref_v01.jpg	60392021b01b91ca06e537f8a66d79a3b0df00e8ee03211712ccfa5c196557e0
EP003_SH07	人物	陆照	left_shoulder_fresh_cut_bandaged_palm	制作/前三集_v8_v2_文本定稿/资产/陆照_左肩伤包掌/ref_v01.jpg	制作/前三集_v8_v2_文本定稿/资产/陆照_左肩伤包掌/ref_v01.jpg	02b7108af67b823e8139a525012be6330e328fb670a92d6f869aebdc013e63cb
EP003_SH07	人物	葛牙	dry	制作/前三集_v8_v2_文本定稿/资产/复用/葛牙_01.jpg	制作/前三集_v8_v2_文本定稿/资产/复用/葛牙_01.jpg	d2820c27545132b4cd142e0cc4d67e054bc696a597b8ff88a520b650da83dbca
EP003_SH07	场景	晒网架		制作/前三集_v8_v2_文本定稿/资产/网架近景/ref_v01.jpg	制作/前三集_v8_v2_文本定稿/资产/网架近景/ref_v01.jpg	60392021b01b91ca06e537f8a66d79a3b0df00e8ee03211712ccfa5c196557e0
EP003_SH07	道具	湿网		制作/前三集_v8_v2_文本定稿/资产/复用/湿网_01.jpg	制作/前三集_v8_v2_文本定稿/资产/复用/湿网_01.jpg	286f1762accaff102622192ea1500f3146ccedf26005b8439e053ec49cac95c0
EP003_SH07	道具	横杆		制作/前三集_v8_v2_文本定稿/资产/网架近景/ref_v01.jpg	制作/前三集_v8_v2_文本定稿/资产/网架近景/ref_v01.jpg	60392021b01b91ca06e537f8a66d79a3b0df00e8ee03211712ccfa5c196557e0
EP003_SH07	道具	短刀		制作/前三集_v8_v2_文本定稿/资产/复用/短刀_01.jpg	制作/前三集_v8_v2_文本定稿/资产/复用/短刀_01.jpg	b8df93521fbbcc65c0cf7cc1f3d7da386af2b6a95c466d6c445264e67fc181ff
EP003_SH07	道具	黑钢锥		制作/前三集_v8_v2_文本定稿/资产/复用/黑钢锥_01.jpg	制作/前三集_v8_v2_文本定稿/资产/复用/黑钢锥_01.jpg	2dc24505a1c31030003cf9e7639cce3c3025165ebb68cc8ea9b2a323cb09c64c
EP003_SH08	人物	葛牙	dry	制作/前三集_v8_v2_文本定稿/资产/复用/葛牙_01.jpg	制作/前三集_v8_v2_文本定稿/资产/复用/葛牙_01.jpg	d2820c27545132b4cd142e0cc4d67e054bc696a597b8ff88a520b650da83dbca
EP003_SH08	人物	陆照	left_shoulder_fresh_cut_bandaged_palm	制作/前三集_v8_v2_文本定稿/资产/陆照_左肩伤包掌/ref_v01.jpg	制作/前三集_v8_v2_文本定稿/资产/陆照_左肩伤包掌/ref_v01.jpg	02b7108af67b823e8139a525012be6330e328fb670a92d6f869aebdc013e63cb
EP003_SH08	场景	晒网架		制作/前三集_v8_v2_文本定稿/资产/网架近景/ref_v01.jpg	制作/前三集_v8_v2_文本定稿/资产/网架近景/ref_v01.jpg	60392021b01b91ca06e537f8a66d79a3b0df00e8ee03211712ccfa5c196557e0
EP003_SH08	道具	短刀		制作/前三集_v8_v2_文本定稿/资产/复用/短刀_01.jpg	制作/前三集_v8_v2_文本定稿/资产/复用/短刀_01.jpg	b8df93521fbbcc65c0cf7cc1f3d7da386af2b6a95c466d6c445264e67fc181ff
EP003_SH08	道具	湿网		制作/前三集_v8_v2_文本定稿/资产/复用/湿网_01.jpg	制作/前三集_v8_v2_文本定稿/资产/复用/湿网_01.jpg	286f1762accaff102622192ea1500f3146ccedf26005b8439e053ec49cac95c0
EP003_SH08	道具	横杆		制作/前三集_v8_v2_文本定稿/资产/网架近景/ref_v01.jpg	制作/前三集_v8_v2_文本定稿/资产/网架近景/ref_v01.jpg	60392021b01b91ca06e537f8a66d79a3b0df00e8ee03211712ccfa5c196557e0
EP003_SH08	道具	黑钢锥		制作/前三集_v8_v2_文本定稿/资产/复用/黑钢锥_01.jpg	制作/前三集_v8_v2_文本定稿/资产/复用/黑钢锥_01.jpg	2dc24505a1c31030003cf9e7639cce3c3025165ebb68cc8ea9b2a323cb09c64c
EP003_SH09	人物	陆照	left_shoulder_fresh_cut_bandaged_palm	制作/前三集_v8_v2_文本定稿/资产/陆照_左肩伤包掌/ref_v01.jpg	制作/前三集_v8_v2_文本定稿/资产/陆照_左肩伤包掌/ref_v01.jpg	02b7108af67b823e8139a525012be6330e328fb670a92d6f869aebdc013e63cb
EP003_SH09	人物	葛牙	dry	制作/前三集_v8_v2_文本定稿/资产/复用/葛牙_01.jpg	制作/前三集_v8_v2_文本定稿/资产/复用/葛牙_01.jpg	d2820c27545132b4cd142e0cc4d67e054bc696a597b8ff88a520b650da83dbca
EP003_SH09	场景	晒网架		制作/前三集_v8_v2_文本定稿/资产/网架近景/ref_v01.jpg	制作/前三集_v8_v2_文本定稿/资产/网架近景/ref_v01.jpg	60392021b01b91ca06e537f8a66d79a3b0df00e8ee03211712ccfa5c196557e0
EP003_SH09	道具	黑钢锥		制作/前三集_v8_v2_文本定稿/资产/复用/黑钢锥_01.jpg	制作/前三集_v8_v2_文本定稿/资产/复用/黑钢锥_01.jpg	2dc24505a1c31030003cf9e7639cce3c3025165ebb68cc8ea9b2a323cb09c64c
EP003_SH09	道具	湿网		制作/前三集_v8_v2_文本定稿/资产/复用/湿网_01.jpg	制作/前三集_v8_v2_文本定稿/资产/复用/湿网_01.jpg	286f1762accaff102622192ea1500f3146ccedf26005b8439e053ec49cac95c0
EP003_SH09	道具	横杆		制作/前三集_v8_v2_文本定稿/资产/网架近景/ref_v01.jpg	制作/前三集_v8_v2_文本定稿/资产/网架近景/ref_v01.jpg	60392021b01b91ca06e537f8a66d79a3b0df00e8ee03211712ccfa5c196557e0
EP003_SH09	道具	短刀		制作/前三集_v8_v2_文本定稿/资产/复用/短刀_01.jpg	制作/前三集_v8_v2_文本定稿/资产/复用/短刀_01.jpg	b8df93521fbbcc65c0cf7cc1f3d7da386af2b6a95c466d6c445264e67fc181ff
EP003_SH10	人物	陆照	left_shoulder_fresh_cut_bandaged_palm	制作/前三集_v8_v2_文本定稿/资产/陆照_左肩伤包掌/ref_v01.jpg	制作/前三集_v8_v2_文本定稿/资产/陆照_左肩伤包掌/ref_v01.jpg	02b7108af67b823e8139a525012be6330e328fb670a92d6f869aebdc013e63cb
EP003_SH10	人物	葛牙	dry	制作/前三集_v8_v2_文本定稿/资产/复用/葛牙_01.jpg	制作/前三集_v8_v2_文本定稿/资产/复用/葛牙_01.jpg	d2820c27545132b4cd142e0cc4d67e054bc696a597b8ff88a520b650da83dbca
EP003_SH10	场景	晒网架		制作/前三集_v8_v2_文本定稿/资产/网架近景/ref_v01.jpg	制作/前三集_v8_v2_文本定稿/资产/网架近景/ref_v01.jpg	60392021b01b91ca06e537f8a66d79a3b0df00e8ee03211712ccfa5c196557e0
EP003_SH10	道具	短刀		制作/前三集_v8_v2_文本定稿/资产/复用/短刀_01.jpg	制作/前三集_v8_v2_文本定稿/资产/复用/短刀_01.jpg	b8df93521fbbcc65c0cf7cc1f3d7da386af2b6a95c466d6c445264e67fc181ff
EP003_SH10	道具	湿网		制作/前三集_v8_v2_文本定稿/资产/复用/湿网_01.jpg	制作/前三集_v8_v2_文本定稿/资产/复用/湿网_01.jpg	286f1762accaff102622192ea1500f3146ccedf26005b8439e053ec49cac95c0
EP003_SH10	道具	横杆		制作/前三集_v8_v2_文本定稿/资产/网架近景/ref_v01.jpg	制作/前三集_v8_v2_文本定稿/资产/网架近景/ref_v01.jpg	60392021b01b91ca06e537f8a66d79a3b0df00e8ee03211712ccfa5c196557e0
EP003_SH10	道具	黑钢锥		制作/前三集_v8_v2_文本定稿/资产/复用/黑钢锥_01.jpg	制作/前三集_v8_v2_文本定稿/资产/复用/黑钢锥_01.jpg	2dc24505a1c31030003cf9e7639cce3c3025165ebb68cc8ea9b2a323cb09c64c
EP003_SH11	人物	陆照	left_shoulder_bleeding_ear_struck_bandaged_palm	制作/前三集_v8_v2_文本定稿/资产/陆照_左肩伤包掌/ref_v01.jpg	制作/前三集_v8_v2_文本定稿/资产/陆照_左肩伤包掌/ref_v01.jpg	02b7108af67b823e8139a525012be6330e328fb670a92d6f869aebdc013e63cb
EP003_SH11	人物	葛牙	dry	制作/前三集_v8_v2_文本定稿/资产/复用/葛牙_01.jpg	制作/前三集_v8_v2_文本定稿/资产/复用/葛牙_01.jpg	d2820c27545132b4cd142e0cc4d67e054bc696a597b8ff88a520b650da83dbca
EP003_SH11	场景	晒网架		制作/前三集_v8_v2_文本定稿/资产/网架近景/ref_v01.jpg	制作/前三集_v8_v2_文本定稿/资产/网架近景/ref_v01.jpg	60392021b01b91ca06e537f8a66d79a3b0df00e8ee03211712ccfa5c196557e0
EP003_SH11	道具	晒网架		制作/前三集_v8_v2_文本定稿/资产/网架近景/ref_v01.jpg	制作/前三集_v8_v2_文本定稿/资产/网架近景/ref_v01.jpg	60392021b01b91ca06e537f8a66d79a3b0df00e8ee03211712ccfa5c196557e0
EP003_SH11	道具	黑钢锥		制作/前三集_v8_v2_文本定稿/资产/复用/黑钢锥_01.jpg	制作/前三集_v8_v2_文本定稿/资产/复用/黑钢锥_01.jpg	2dc24505a1c31030003cf9e7639cce3c3025165ebb68cc8ea9b2a323cb09c64c
EP003_SH11	道具	棕兜帽		制作/前三集_v8_v2_文本定稿/资产/落地棕兜帽/ref_v01.jpg	制作/前三集_v8_v2_文本定稿/资产/落地棕兜帽/ref_v01.jpg	87903485984ad46efa70273c35c9e2b4cf55a8511ee05c454fd213924248f6d6
EP003_SH12	人物	陆照	left_shoulder_bleeding_ear_struck_bandaged_palm	制作/前三集_v8_v2_文本定稿/资产/陆照_左肩伤包掌/ref_v01.jpg	制作/前三集_v8_v2_文本定稿/资产/陆照_左肩伤包掌/ref_v01.jpg	02b7108af67b823e8139a525012be6330e328fb670a92d6f869aebdc013e63cb
EP003_SH12	人物	葛牙	dry	制作/前三集_v8_v2_文本定稿/资产/葛牙_落帽束腕/ref_v01.jpg	制作/前三集_v8_v2_文本定稿/资产/葛牙_落帽束腕/ref_v01.jpg	145a61447627cc6b45f45491ff4705e01ff1c0c2d6943a98ebe57df1c39682a8
EP003_SH12	人物	阿砾	dry	制作/前三集_v8_v2_文本定稿/资产/复用/阿砾_01.jpg	制作/前三集_v8_v2_文本定稿/资产/复用/阿砾_01.jpg	a3a218ac22307538ae4345f59290a4f43546b57c3dccab1521ef101f31c72901
EP003_SH12	场景	晒网架		制作/前三集_v8_v2_文本定稿/资产/网架近景/ref_v01.jpg	制作/前三集_v8_v2_文本定稿/资产/网架近景/ref_v01.jpg	60392021b01b91ca06e537f8a66d79a3b0df00e8ee03211712ccfa5c196557e0
EP003_SH12	道具	系网短绳		制作/前三集_v8_v2_文本定稿/资产/小物工具/ref_v01.jpg	制作/前三集_v8_v2_文本定稿/资产/小物工具/ref_v01.jpg	e1a8b7f102628c398483289e0d3138210b1902aaad7f65b6e3fceb530ec5af9e
EP003_SH12	道具	架柱		制作/前三集_v8_v2_文本定稿/资产/网架近景/ref_v01.jpg	制作/前三集_v8_v2_文本定稿/资产/网架近景/ref_v01.jpg	60392021b01b91ca06e537f8a66d79a3b0df00e8ee03211712ccfa5c196557e0
EP003_SH12	道具	黑钢锥		制作/前三集_v8_v2_文本定稿/资产/复用/黑钢锥_01.jpg	制作/前三集_v8_v2_文本定稿/资产/复用/黑钢锥_01.jpg	2dc24505a1c31030003cf9e7639cce3c3025165ebb68cc8ea9b2a323cb09c64c
EP003_SH13	人物	阿砾	dry	制作/前三集_v8_v2_文本定稿/资产/复用/阿砾_01.jpg	制作/前三集_v8_v2_文本定稿/资产/复用/阿砾_01.jpg	a3a218ac22307538ae4345f59290a4f43546b57c3dccab1521ef101f31c72901
EP003_SH13	人物	守船人	dry	制作/前三集_v8_v2_文本定稿/资产/复用/守船人_01.jpg	制作/前三集_v8_v2_文本定稿/资产/复用/守船人_01.jpg	c0d1fa7ea2459f4f38ceefe1370752744ef83032f88d1fa11bbc09e810bf6f66
EP003_SH13	人物	会库押解人	dry	制作/前三集_v8_v2_文本定稿/资产/会库押解人/ref_v01.jpg	制作/前三集_v8_v2_文本定稿/资产/会库押解人/ref_v01.jpg	1917304d848e74a06a16ec83ebaaf41b999b66ad676e2c4ce8ef72bab3aaa964
EP003_SH13	人物	闻溪	dry	制作/前三集_v8_v2_文本定稿/资产/复用/闻溪_01.jpg	制作/前三集_v8_v2_文本定稿/资产/复用/闻溪_01.jpg	2754fefd3398e60ef449f9d3289d049aa223327ec49e434d1f3a46ed13e35d07
EP003_SH13	人物	葛牙	dry	制作/前三集_v8_v2_文本定稿/资产/葛牙_落帽束腕/ref_v01.jpg	制作/前三集_v8_v2_文本定稿/资产/葛牙_落帽束腕/ref_v01.jpg	145a61447627cc6b45f45491ff4705e01ff1c0c2d6943a98ebe57df1c39682a8
EP003_SH13	场景	盐棚外		制作/前三集_v8_v2_文本定稿/资产/盐棚门网轴线/ref_v01.jpg	制作/前三集_v8_v2_文本定稿/资产/盐棚门网轴线/ref_v01.jpg	b839a6548578af7e7af023493a3e24946298fae924abf748df38ccca82a5e265
EP003_SH13	道具	短刀		制作/前三集_v8_v2_文本定稿/资产/复用/短刀_01.jpg	制作/前三集_v8_v2_文本定稿/资产/复用/短刀_01.jpg	b8df93521fbbcc65c0cf7cc1f3d7da386af2b6a95c466d6c445264e67fc181ff
EP003_SH13	道具	棕兜帽		制作/前三集_v8_v2_文本定稿/资产/落地棕兜帽/ref_v01.jpg	制作/前三集_v8_v2_文本定稿/资产/落地棕兜帽/ref_v01.jpg	87903485984ad46efa70273c35c9e2b4cf55a8511ee05c454fd213924248f6d6
EP003_SH13	道具	铜鱼牌		制作/前三集_v8_v2_文本定稿/资产/复用/铜鱼牌_01.jpg	制作/前三集_v8_v2_文本定稿/资产/复用/铜鱼牌_01.jpg	a67173962a16527adf1447d05d352fd290aad6d0df44572af0466d0934bb40ca
EP003_SH13	道具	架柱		制作/前三集_v8_v2_文本定稿/资产/网架近景/ref_v01.jpg	制作/前三集_v8_v2_文本定稿/资产/网架近景/ref_v01.jpg	60392021b01b91ca06e537f8a66d79a3b0df00e8ee03211712ccfa5c196557e0
EP003_SH14	人物	陆照	left_shoulder_bleeding_ear_struck_bandaged_palm	制作/前三集_v8_v2_文本定稿/资产/陆照_左肩伤包掌/ref_v01.jpg	制作/前三集_v8_v2_文本定稿/资产/陆照_左肩伤包掌/ref_v01.jpg	02b7108af67b823e8139a525012be6330e328fb670a92d6f869aebdc013e63cb
EP003_SH14	场景	晒网架		制作/前三集_v8_v2_文本定稿/资产/网架近景/ref_v01.jpg	制作/前三集_v8_v2_文本定稿/资产/网架近景/ref_v01.jpg	60392021b01b91ca06e537f8a66d79a3b0df00e8ee03211712ccfa5c196557e0
EP003_SH14	道具	余烬		制作/前三集_v8_v2_文本定稿/资产/复用/余烬_01.jpg	制作/前三集_v8_v2_文本定稿/资产/复用/余烬_01.jpg	2aac0b202d1a1018a30fd436f62b1388130a2bd25a0994bf430f7c5b86a62ba3
EP003_SH14	道具	黑钢锥		制作/前三集_v8_v2_文本定稿/资产/复用/黑钢锥_01.jpg	制作/前三集_v8_v2_文本定稿/资产/复用/黑钢锥_01.jpg	2dc24505a1c31030003cf9e7639cce3c3025165ebb68cc8ea9b2a323cb09c64c
EP003_SH14	道具	湿网		制作/前三集_v8_v2_文本定稿/资产/复用/湿网_01.jpg	制作/前三集_v8_v2_文本定稿/资产/复用/湿网_01.jpg	286f1762accaff102622192ea1500f3146ccedf26005b8439e053ec49cac95c0
EP003_SH15	人物	陆照	left_shoulder_dressed_bandaged_palm	制作/前三集_v8_v2_文本定稿/资产/陆照_左肩敷药包掌/ref_v01.jpg	制作/前三集_v8_v2_文本定稿/资产/陆照_左肩敷药包掌/ref_v01.jpg	b022241e95628b32a037b57538e0e9d8d6a1e9b59470de4e78fc2fbe4319e715
EP003_SH15	人物	闻溪	dry	制作/前三集_v8_v2_文本定稿/资产/复用/闻溪_01.jpg	制作/前三集_v8_v2_文本定稿/资产/复用/闻溪_01.jpg	2754fefd3398e60ef449f9d3289d049aa223327ec49e434d1f3a46ed13e35d07
EP003_SH15	人物	陆禾	dry	制作/前三集_v8_v2_文本定稿/资产/复用/陆禾_01.jpg	制作/前三集_v8_v2_文本定稿/资产/复用/陆禾_01.jpg	06284023eadc1c447de50e0fdf1ee8eb8203bf3ab4ccaf131943b3eba2e99e79
EP003_SH15	场景	盐棚门口		制作/前三集_v8_v2_文本定稿/资产/盐棚门网轴线/ref_v01.jpg	制作/前三集_v8_v2_文本定稿/资产/盐棚门网轴线/ref_v01.jpg	b839a6548578af7e7af023493a3e24946298fae924abf748df38ccca82a5e265
EP003_SH15	道具	剪刀		制作/前三集_v8_v2_文本定稿/资产/小物工具/ref_v01.jpg	制作/前三集_v8_v2_文本定稿/资产/小物工具/ref_v01.jpg	e1a8b7f102628c398483289e0d3138210b1902aaad7f65b6e3fceb530ec5af9e
EP003_SH15	道具	肩药布		制作/前三集_v8_v2_文本定稿/资产/复用/药布_01.jpg	制作/前三集_v8_v2_文本定稿/资产/复用/药布_01.jpg	123879183b2ec02a40909d961a5314d83eb75f218bd44549aa1c17ed0ee3f257
EP003_SH15	道具	皮鞘		制作/前三集_v8_v2_文本定稿/资产/复用/皮鞘_01.jpg	制作/前三集_v8_v2_文本定稿/资产/复用/皮鞘_01.jpg	ba8a3fa037fd1088e5476dbd24e6d33af09f41552dc77bc5fa7741ff0ac55a35
EP003_SH15	道具	黑钢锥		制作/前三集_v8_v2_文本定稿/资产/复用/黑钢锥_01.jpg	制作/前三集_v8_v2_文本定稿/资产/复用/黑钢锥_01.jpg	2dc24505a1c31030003cf9e7639cce3c3025165ebb68cc8ea9b2a323cb09c64c
EP003_SH15	道具	饭碗		制作/前三集_v8_v2_文本定稿/资产/双完整饭碗/ref_v01.jpg	制作/前三集_v8_v2_文本定稿/资产/双完整饭碗/ref_v01.jpg	603e830fa960a300d91ffda91b3bdd7bac766f20ecd92ccd2110b90423612b18
EP003_SH16	人物	陆照	left_shoulder_dressed_bandaged_palm	制作/前三集_v8_v2_文本定稿/资产/陆照_左肩敷药包掌/ref_v01.jpg	制作/前三集_v8_v2_文本定稿/资产/陆照_左肩敷药包掌/ref_v01.jpg	b022241e95628b32a037b57538e0e9d8d6a1e9b59470de4e78fc2fbe4319e715
EP003_SH16	人物	陆禾	dry	制作/前三集_v8_v2_文本定稿/资产/复用/陆禾_01.jpg	制作/前三集_v8_v2_文本定稿/资产/复用/陆禾_01.jpg	06284023eadc1c447de50e0fdf1ee8eb8203bf3ab4ccaf131943b3eba2e99e79
EP003_SH16	场景	盐棚门口		制作/前三集_v8_v2_文本定稿/资产/盐棚门网轴线/ref_v01.jpg	制作/前三集_v8_v2_文本定稿/资产/盐棚门网轴线/ref_v01.jpg	b839a6548578af7e7af023493a3e24946298fae924abf748df38ccca82a5e265
EP003_SH16	道具	肩药布		制作/前三集_v8_v2_文本定稿/资产/复用/药布_01.jpg	制作/前三集_v8_v2_文本定稿/资产/复用/药布_01.jpg	123879183b2ec02a40909d961a5314d83eb75f218bd44549aa1c17ed0ee3f257
EP003_SH16	道具	完整饭碗		制作/前三集_v8_v2_文本定稿/资产/双完整饭碗/ref_v01.jpg	制作/前三集_v8_v2_文本定稿/资产/双完整饭碗/ref_v01.jpg	603e830fa960a300d91ffda91b3bdd7bac766f20ecd92ccd2110b90423612b18
EP003_SH16	道具	皮鞘		制作/前三集_v8_v2_文本定稿/资产/复用/皮鞘_01.jpg	制作/前三集_v8_v2_文本定稿/资产/复用/皮鞘_01.jpg	ba8a3fa037fd1088e5476dbd24e6d33af09f41552dc77bc5fa7741ff0ac55a35
EP003_SH17	人物	陆照	left_shoulder_dressed_bandaged_palm	制作/前三集_v8_v2_文本定稿/资产/陆照_左肩敷药包掌/ref_v01.jpg	制作/前三集_v8_v2_文本定稿/资产/陆照_左肩敷药包掌/ref_v01.jpg	b022241e95628b32a037b57538e0e9d8d6a1e9b59470de4e78fc2fbe4319e715
EP003_SH17	人物	岑鹿	dry	制作/前三集_v8_v2_文本定稿/资产/复用/岑鹿_01.jpg	制作/前三集_v8_v2_文本定稿/资产/复用/岑鹿_01.jpg	f6fc3e1e9695bc828fa37c88d99b96d3eec367d6802a116031a8c497a41d9a01
EP003_SH17	人物	阿砾	dry	制作/前三集_v8_v2_文本定稿/资产/复用/阿砾_01.jpg	制作/前三集_v8_v2_文本定稿/资产/复用/阿砾_01.jpg	a3a218ac22307538ae4345f59290a4f43546b57c3dccab1521ef101f31c72901
EP003_SH17	场景	码头绳摊		制作/前三集_v8_v2_文本定稿/资产/码头绳摊/ref_v01.jpg	制作/前三集_v8_v2_文本定稿/资产/码头绳摊/ref_v01.jpg	5d4e51ad22b0f4ecdd6d2964f4a36d4a49c11030181192996f96853118bedb56
EP003_SH17	道具	清障图		制作/前三集_v8_v2_文本定稿/资产/清障图新版/ref_v01.jpg	制作/前三集_v8_v2_文本定稿/资产/清障图新版/structure_v03.jpg	d3bb8876f910a14d18ac81bda02ae2083e4152d9a69f21a838e150d6931f32e8
EP003_SH17	道具	工具箱标记		制作/前三集_v8_v2_文本定稿/资产/清障图新版/ref_v01.jpg	制作/前三集_v8_v2_文本定稿/资产/清障图新版/structure_v03.jpg	d3bb8876f910a14d18ac81bda02ae2083e4152d9a69f21a838e150d6931f32e8
EP003_SH17	道具	铜钱		制作/前三集_v8_v2_文本定稿/资产/小钱袋成串铜钱/ref_v01.jpg	制作/前三集_v8_v2_文本定稿/资产/小钱袋成串铜钱/ref_v01.jpg	70db97c3508baa83b3c088d6694d92c20e59d640e14cd8c5f36330bd97c01a49
EP003_SH18	人物	陆照	left_shoulder_dressed_bandaged_palm	制作/前三集_v8_v2_文本定稿/资产/陆照_左肩敷药包掌/ref_v01.jpg	制作/前三集_v8_v2_文本定稿/资产/陆照_左肩敷药包掌/ref_v01.jpg	b022241e95628b32a037b57538e0e9d8d6a1e9b59470de4e78fc2fbe4319e715
EP003_SH18	人物	阿砾	dry	制作/前三集_v8_v2_文本定稿/资产/复用/阿砾_01.jpg	制作/前三集_v8_v2_文本定稿/资产/复用/阿砾_01.jpg	a3a218ac22307538ae4345f59290a4f43546b57c3dccab1521ef101f31c72901
EP003_SH18	场景	码头绳摊		制作/前三集_v8_v2_文本定稿/资产/码头绳摊/ref_v01.jpg	制作/前三集_v8_v2_文本定稿/资产/码头绳摊/ref_v01.jpg	5d4e51ad22b0f4ecdd6d2964f4a36d4a49c11030181192996f96853118bedb56
EP003_SH18	道具	铜钱		制作/前三集_v8_v2_文本定稿/资产/小钱袋成串铜钱/ref_v01.jpg	制作/前三集_v8_v2_文本定稿/资产/小钱袋成串铜钱/ref_v01.jpg	70db97c3508baa83b3c088d6694d92c20e59d640e14cd8c5f36330bd97c01a49
EP003_SH18	道具	雇工条		制作/前三集_v8_v2_文本定稿/资产/空白票据/ref_v01.jpg	制作/前三集_v8_v2_文本定稿/资产/空白票据/ref_v01.jpg	0540d829008d54a18051abdea8e7b3cff1eb2971f3397fde17f442eeaacfbfdf
EP003_SH18	道具	新绳		制作/前三集_v8_v2_文本定稿/资产/复用/新绳_01.jpg	制作/前三集_v8_v2_文本定稿/资产/复用/新绳_01.jpg	98289bcb88c676549e429debad569cdd37228d11d7900322dc22122e1c4bb7a2
EP003_SH18	道具	皮鞘		制作/前三集_v8_v2_文本定稿/资产/复用/皮鞘_01.jpg	制作/前三集_v8_v2_文本定稿/资产/复用/皮鞘_01.jpg	ba8a3fa037fd1088e5476dbd24e6d33af09f41552dc77bc5fa7741ff0ac55a35
